model,video_id,frame_idx,inference_time_sec
qwen3vl,CLIP1_normal_assembly,0,17.26
qwen3vl,CLIP1_normal_assembly,1,29.56
qwen3vl,CLIP1_normal_assembly,10,16.86
qwen3vl,CLIP1_normal_assembly,11,23.41
qwen3vl,CLIP1_normal_assembly,12,19.34
qwen3vl,CLIP1_normal_assembly,13,18.09
qwen3vl,CLIP1_normal_assembly,14,18.02
qwen3vl,CLIP1_normal_assembly,15,24.73
qwen3vl,CLIP1_normal_assembly,16,23.87
qwen3vl,CLIP1_normal_assembly,17,28.81
qwen3vl,CLIP1_normal_assembly,18,30.69
qwen3vl,CLIP1_normal_assembly,19,20.21
qwen3vl,CLIP1_normal_assembly,2,33.51
qwen3vl,CLIP1_normal_assembly,20,21.56
qwen3vl,CLIP1_normal_assembly,21,19.54
qwen3vl,CLIP1_normal_assembly,22,21.2
qwen3vl,CLIP1_normal_assembly,23,20.17
qwen3vl,CLIP1_normal_assembly,24,20.04
qwen3vl,CLIP1_normal_assembly,25,26.26
qwen3vl,CLIP1_normal_assembly,26,22.59
qwen3vl,CLIP1_normal_assembly,27,19.02
qwen3vl,CLIP1_normal_assembly,28,26.03
qwen3vl,CLIP1_normal_assembly,29,19.33
qwen3vl,CLIP1_normal_assembly,3,37.6
qwen3vl,CLIP1_normal_assembly,30,25.3
qwen3vl,CLIP1_normal_assembly,31,23.13
qwen3vl,CLIP1_normal_assembly,32,19.55
qwen3vl,CLIP1_normal_assembly,33,18.92
qwen3vl,CLIP1_normal_assembly,34,15.73
qwen3vl,CLIP1_normal_assembly,35,21.49
qwen3vl,CLIP1_normal_assembly,36,25.71
qwen3vl,CLIP1_normal_assembly,37,20.97
qwen3vl,CLIP1_normal_assembly,38,29.85
qwen3vl,CLIP1_normal_assembly,39,22.25
qwen3vl,CLIP1_normal_assembly,4,19.05
qwen3vl,CLIP1_normal_assembly,40,19.79
qwen3vl,CLIP1_normal_assembly,41,22.05
qwen3vl,CLIP1_normal_assembly,42,19.62
qwen3vl,CLIP1_normal_assembly,43,22.19
qwen3vl,CLIP1_normal_assembly,44,22.29
qwen3vl,CLIP1_normal_assembly,45,20.46
qwen3vl,CLIP1_normal_assembly,46,19.75
qwen3vl,CLIP1_normal_assembly,47,21.86
qwen3vl,CLIP1_normal_assembly,48,29.02
qwen3vl,CLIP1_normal_assembly,49,28.72
qwen3vl,CLIP1_normal_assembly,5,24.06
qwen3vl,CLIP1_normal_assembly,50,22.49
qwen3vl,CLIP1_normal_assembly,51,22.33
qwen3vl,CLIP1_normal_assembly,52,19.69
qwen3vl,CLIP1_normal_assembly,53,19.75
qwen3vl,CLIP1_normal_assembly,54,18.49
qwen3vl,CLIP1_normal_assembly,55,22.25
qwen3vl,CLIP1_normal_assembly,56,21.8
qwen3vl,CLIP1_normal_assembly,57,20.4
qwen3vl,CLIP1_normal_assembly,58,20.44
qwen3vl,CLIP1_normal_assembly,59,20.25
qwen3vl,CLIP1_normal_assembly,6,16.0
qwen3vl,CLIP1_normal_assembly,60,30.88
qwen3vl,CLIP1_normal_assembly,61,24.21
qwen3vl,CLIP1_normal_assembly,62,24.97
qwen3vl,CLIP1_normal_assembly,63,25.71
qwen3vl,CLIP1_normal_assembly,64,20.31
qwen3vl,CLIP1_normal_assembly,65,20.49
qwen3vl,CLIP1_normal_assembly,66,19.53
qwen3vl,CLIP1_normal_assembly,67,22.23
qwen3vl,CLIP1_normal_assembly,68,24.03
qwen3vl,CLIP1_normal_assembly,69,24.96
qwen3vl,CLIP1_normal_assembly,7,18.93
qwen3vl,CLIP1_normal_assembly,70,24.96
qwen3vl,CLIP1_normal_assembly,71,20.58
qwen3vl,CLIP1_normal_assembly,72,19.86
qwen3vl,CLIP1_normal_assembly,73,19.28
qwen3vl,CLIP1_normal_assembly,74,19.37
qwen3vl,CLIP1_normal_assembly,75,19.4
qwen3vl,CLIP1_normal_assembly,76,20.63
qwen3vl,CLIP1_normal_assembly,77,19.57
qwen3vl,CLIP1_normal_assembly,78,20.26
qwen3vl,CLIP1_normal_assembly,79,20.35
qwen3vl,CLIP1_normal_assembly,8,18.71
qwen3vl,CLIP1_normal_assembly,80,15.95
qwen3vl,CLIP1_normal_assembly,81,22.09
qwen3vl,CLIP1_normal_assembly,82,27.79
qwen3vl,CLIP1_normal_assembly,83,28.58
qwen3vl,CLIP1_normal_assembly,84,21.97
qwen3vl,CLIP1_normal_assembly,85,16.91
qwen3vl,CLIP1_normal_assembly,86,21.51
qwen3vl,CLIP1_normal_assembly,87,20.56
qwen3vl,CLIP1_normal_assembly,88,21.59
qwen3vl,CLIP1_normal_assembly,89,22.39
qwen3vl,CLIP1_normal_assembly,9,16.31
qwen3vl,CLIP1_normal_assembly,90,18.1
qwen3vl,CLIP1_normal_assembly,91,21.26
qwen3vl,CLIP1_normal_assembly,92,20.3
qwen3vl,CLIP1_normal_assembly,93,20.17
qwen3vl,CLIP1_normal_assembly,94,20.34
qwen3vl,CLIP1_normal_assembly,95,21.42
qwen3vl,CLIP1_normal_assembly,96,20.51
qwen3vl,CLIP1_normal_assembly,97,20.94
qwen3vl,CLIP1_normal_assembly,98,21.81
qwen3vl,CLIP2_0704,0,22.51
qwen3vl,CLIP2_0704,1,27.88
qwen3vl,CLIP2_0704,10,26.16
qwen3vl,CLIP2_0704,11,22.03
qwen3vl,CLIP2_0704,12,16.81
qwen3vl,CLIP2_0704,13,24.65
qwen3vl,CLIP2_0704,14,21.37
qwen3vl,CLIP2_0704,15,21.56
qwen3vl,CLIP2_0704,16,20.26
qwen3vl,CLIP2_0704,17,20.1
qwen3vl,CLIP2_0704,18,20.41
qwen3vl,CLIP2_0704,19,19.44
qwen3vl,CLIP2_0704,2,17.22
qwen3vl,CLIP2_0704,20,20.21
qwen3vl,CLIP2_0704,21,20.59
qwen3vl,CLIP2_0704,22,20.12
qwen3vl,CLIP2_0704,23,21.47
qwen3vl,CLIP2_0704,24,20.18
qwen3vl,CLIP2_0704,25,17.78
qwen3vl,CLIP2_0704,26,20.05
qwen3vl,CLIP2_0704,27,18.95
qwen3vl,CLIP2_0704,28,21.32
qwen3vl,CLIP2_0704,29,21.67
qwen3vl,CLIP2_0704,3,19.26
qwen3vl,CLIP2_0704,30,21.66
qwen3vl,CLIP2_0704,31,20.81
qwen3vl,CLIP2_0704,32,18.26
qwen3vl,CLIP2_0704,33,21.63
qwen3vl,CLIP2_0704,34,24.16
qwen3vl,CLIP2_0704,35,28.35
qwen3vl,CLIP2_0704,36,22.91
qwen3vl,CLIP2_0704,37,17.04
qwen3vl,CLIP2_0704,38,27.59
qwen3vl,CLIP2_0704,39,21.61
qwen3vl,CLIP2_0704,4,22.29
qwen3vl,CLIP2_0704,40,19.95
qwen3vl,CLIP2_0704,41,22.38
qwen3vl,CLIP2_0704,42,25.44
qwen3vl,CLIP2_0704,43,24.63
qwen3vl,CLIP2_0704,44,21.74
qwen3vl,CLIP2_0704,45,28.37
qwen3vl,CLIP2_0704,46,21.75
qwen3vl,CLIP2_0704,47,21.56
qwen3vl,CLIP2_0704,48,20.91
qwen3vl,CLIP2_0704,49,18.85
qwen3vl,CLIP2_0704,5,19.16
qwen3vl,CLIP2_0704,50,18.23
qwen3vl,CLIP2_0704,51,18.2
qwen3vl,CLIP2_0704,52,18.58
qwen3vl,CLIP2_0704,53,18.81
qwen3vl,CLIP2_0704,54,19.99
qwen3vl,CLIP2_0704,55,18.29
qwen3vl,CLIP2_0704,56,21.41
qwen3vl,CLIP2_0704,6,21.49
qwen3vl,CLIP2_0704,7,21.45
qwen3vl,CLIP2_0704,8,28.73
qwen3vl,CLIP2_0704,9,21.73
qwen3vl,CLIP3_before_reboot_0704,0,23.86
qwen3vl,CLIP3_before_reboot_0704,1,18.41
qwen3vl,CLIP3_before_reboot_0704,10,17.94
qwen3vl,CLIP3_before_reboot_0704,11,19.6
qwen3vl,CLIP3_before_reboot_0704,12,19.11
qwen3vl,CLIP3_before_reboot_0704,13,18.28
qwen3vl,CLIP3_before_reboot_0704,14,18.26
qwen3vl,CLIP3_before_reboot_0704,15,18.27
qwen3vl,CLIP3_before_reboot_0704,16,18.26
qwen3vl,CLIP3_before_reboot_0704,17,19.22
qwen3vl,CLIP3_before_reboot_0704,18,19.54
qwen3vl,CLIP3_before_reboot_0704,19,19.45
qwen3vl,CLIP3_before_reboot_0704,2,19.55
qwen3vl,CLIP3_before_reboot_0704,20,20.11
qwen3vl,CLIP3_before_reboot_0704,21,19.42
qwen3vl,CLIP3_before_reboot_0704,22,20.57
qwen3vl,CLIP3_before_reboot_0704,23,19.69
qwen3vl,CLIP3_before_reboot_0704,24,19.34
qwen3vl,CLIP3_before_reboot_0704,25,20.19
qwen3vl,CLIP3_before_reboot_0704,26,19.35
qwen3vl,CLIP3_before_reboot_0704,27,19.03
qwen3vl,CLIP3_before_reboot_0704,28,19.31
qwen3vl,CLIP3_before_reboot_0704,29,18.96
qwen3vl,CLIP3_before_reboot_0704,3,19.42
qwen3vl,CLIP3_before_reboot_0704,30,20.11
qwen3vl,CLIP3_before_reboot_0704,31,18.88
qwen3vl,CLIP3_before_reboot_0704,32,19.88
qwen3vl,CLIP3_before_reboot_0704,33,19.7
qwen3vl,CLIP3_before_reboot_0704,34,19.75
qwen3vl,CLIP3_before_reboot_0704,35,24.08
qwen3vl,CLIP3_before_reboot_0704,36,20.52
qwen3vl,CLIP3_before_reboot_0704,37,19.84
qwen3vl,CLIP3_before_reboot_0704,38,19.35
qwen3vl,CLIP3_before_reboot_0704,39,19.38
qwen3vl,CLIP3_before_reboot_0704,4,18.89
qwen3vl,CLIP3_before_reboot_0704,40,19.54
qwen3vl,CLIP3_before_reboot_0704,41,18.87
qwen3vl,CLIP3_before_reboot_0704,42,19.85
qwen3vl,CLIP3_before_reboot_0704,43,20.34
qwen3vl,CLIP3_before_reboot_0704,44,20.34
qwen3vl,CLIP3_before_reboot_0704,45,21.32
qwen3vl,CLIP3_before_reboot_0704,46,20.27
qwen3vl,CLIP3_before_reboot_0704,47,20.21
qwen3vl,CLIP3_before_reboot_0704,48,19.49
qwen3vl,CLIP3_before_reboot_0704,49,21.63
qwen3vl,CLIP3_before_reboot_0704,5,19.09
qwen3vl,CLIP3_before_reboot_0704,50,18.05
qwen3vl,CLIP3_before_reboot_0704,51,21.09
qwen3vl,CLIP3_before_reboot_0704,52,21.89
qwen3vl,CLIP3_before_reboot_0704,53,21.06
qwen3vl,CLIP3_before_reboot_0704,54,20.12
qwen3vl,CLIP3_before_reboot_0704,6,19.95
qwen3vl,CLIP3_before_reboot_0704,7,18.28
qwen3vl,CLIP3_before_reboot_0704,8,18.78
qwen3vl,CLIP3_before_reboot_0704,9,19.45
qwen3vl,CLIP4_reboot_bios,0,20.7
qwen3vl,CLIP4_reboot_bios,1,21.67
qwen3vl,CLIP4_reboot_bios,10,20.0
qwen3vl,CLIP4_reboot_bios,100,25.87
qwen3vl,CLIP4_reboot_bios,101,21.32
qwen3vl,CLIP4_reboot_bios,102,20.53
qwen3vl,CLIP4_reboot_bios,103,19.99
qwen3vl,CLIP4_reboot_bios,104,17.21
qwen3vl,CLIP4_reboot_bios,105,18.86
qwen3vl,CLIP4_reboot_bios,106,18.4
qwen3vl,CLIP4_reboot_bios,107,19.33
qwen3vl,CLIP4_reboot_bios,108,20.14
qwen3vl,CLIP4_reboot_bios,109,23.6
qwen3vl,CLIP4_reboot_bios,11,17.23
qwen3vl,CLIP4_reboot_bios,110,26.2
qwen3vl,CLIP4_reboot_bios,111,20.82
qwen3vl,CLIP4_reboot_bios,112,28.66
qwen3vl,CLIP4_reboot_bios,113,18.52
qwen3vl,CLIP4_reboot_bios,114,20.64
qwen3vl,CLIP4_reboot_bios,12,17.24
qwen3vl,CLIP4_reboot_bios,13,17.24
qwen3vl,CLIP4_reboot_bios,14,20.67
qwen3vl,CLIP4_reboot_bios,15,20.98
qwen3vl,CLIP4_reboot_bios,16,20.84
qwen3vl,CLIP4_reboot_bios,17,21.48
qwen3vl,CLIP4_reboot_bios,18,26.69
qwen3vl,CLIP4_reboot_bios,19,20.99
qwen3vl,CLIP4_reboot_bios,2,30.79
qwen3vl,CLIP4_reboot_bios,20,20.49
qwen3vl,CLIP4_reboot_bios,21,22.0
qwen3vl,CLIP4_reboot_bios,22,21.46
qwen3vl,CLIP4_reboot_bios,23,21.0
qwen3vl,CLIP4_reboot_bios,24,20.95
qwen3vl,CLIP4_reboot_bios,25,20.97
qwen3vl,CLIP4_reboot_bios,26,21.9
qwen3vl,CLIP4_reboot_bios,27,24.07
qwen3vl,CLIP4_reboot_bios,28,17.89
qwen3vl,CLIP4_reboot_bios,29,20.15
qwen3vl,CLIP4_reboot_bios,3,31.97
qwen3vl,CLIP4_reboot_bios,30,30.78
qwen3vl,CLIP4_reboot_bios,31,20.0
qwen3vl,CLIP4_reboot_bios,32,19.33
qwen3vl,CLIP4_reboot_bios,33,21.83
qwen3vl,CLIP4_reboot_bios,34,21.15
qwen3vl,CLIP4_reboot_bios,35,20.67
qwen3vl,CLIP4_reboot_bios,36,21.81
qwen3vl,CLIP4_reboot_bios,37,19.98
qwen3vl,CLIP4_reboot_bios,38,19.21
qwen3vl,CLIP4_reboot_bios,39,20.34
qwen3vl,CLIP4_reboot_bios,4,30.99
qwen3vl,CLIP4_reboot_bios,40,21.64
qwen3vl,CLIP4_reboot_bios,41,21.3
qwen3vl,CLIP4_reboot_bios,42,21.15
qwen3vl,CLIP4_reboot_bios,43,22.46
qwen3vl,CLIP4_reboot_bios,44,19.53
qwen3vl,CLIP4_reboot_bios,45,19.67
qwen3vl,CLIP4_reboot_bios,46,19.19
qwen3vl,CLIP4_reboot_bios,47,18.73
qwen3vl,CLIP4_reboot_bios,48,18.85
qwen3vl,CLIP4_reboot_bios,49,18.86
qwen3vl,CLIP4_reboot_bios,5,30.99
qwen3vl,CLIP4_reboot_bios,50,18.87
qwen3vl,CLIP4_reboot_bios,51,18.52
qwen3vl,CLIP4_reboot_bios,52,18.71
qwen3vl,CLIP4_reboot_bios,53,19.8
qwen3vl,CLIP4_reboot_bios,54,19.01
qwen3vl,CLIP4_reboot_bios,55,19.81
qwen3vl,CLIP4_reboot_bios,56,19.19
qwen3vl,CLIP4_reboot_bios,57,18.72
qwen3vl,CLIP4_reboot_bios,58,18.51
qwen3vl,CLIP4_reboot_bios,59,18.67
qwen3vl,CLIP4_reboot_bios,6,27.02
qwen3vl,CLIP4_reboot_bios,60,19.46
qwen3vl,CLIP4_reboot_bios,61,19.69
qwen3vl,CLIP4_reboot_bios,62,19.68
qwen3vl,CLIP4_reboot_bios,63,20.02
qwen3vl,CLIP4_reboot_bios,64,19.65
qwen3vl,CLIP4_reboot_bios,65,18.51
qwen3vl,CLIP4_reboot_bios,66,19.71
qwen3vl,CLIP4_reboot_bios,67,19.67
qwen3vl,CLIP4_reboot_bios,68,18.87
qwen3vl,CLIP4_reboot_bios,69,18.84
qwen3vl,CLIP4_reboot_bios,7,16.08
qwen3vl,CLIP4_reboot_bios,70,18.53
qwen3vl,CLIP4_reboot_bios,71,17.2
qwen3vl,CLIP4_reboot_bios,72,19.65
qwen3vl,CLIP4_reboot_bios,73,18.19
qwen3vl,CLIP4_reboot_bios,74,18.21
qwen3vl,CLIP4_reboot_bios,75,18.21
qwen3vl,CLIP4_reboot_bios,76,19.52
qwen3vl,CLIP4_reboot_bios,77,19.33
qwen3vl,CLIP4_reboot_bios,78,19.51
qwen3vl,CLIP4_reboot_bios,79,18.73
qwen3vl,CLIP4_reboot_bios,8,17.22
qwen3vl,CLIP4_reboot_bios,80,22.61
qwen3vl,CLIP4_reboot_bios,81,24.73
qwen3vl,CLIP4_reboot_bios,82,25.7
qwen3vl,CLIP4_reboot_bios,83,19.21
qwen3vl,CLIP4_reboot_bios,84,18.86
qwen3vl,CLIP4_reboot_bios,85,19.05
qwen3vl,CLIP4_reboot_bios,86,20.02
qwen3vl,CLIP4_reboot_bios,87,18.7
qwen3vl,CLIP4_reboot_bios,88,20.0
qwen3vl,CLIP4_reboot_bios,89,18.84
qwen3vl,CLIP4_reboot_bios,9,22.45
qwen3vl,CLIP4_reboot_bios,90,21.65
qwen3vl,CLIP4_reboot_bios,91,18.51
qwen3vl,CLIP4_reboot_bios,92,21.66
qwen3vl,CLIP4_reboot_bios,93,18.35
qwen3vl,CLIP4_reboot_bios,94,22.27
qwen3vl,CLIP4_reboot_bios,95,19.82
qwen3vl,CLIP4_reboot_bios,96,19.7
qwen3vl,CLIP4_reboot_bios,97,19.68
qwen3vl,CLIP4_reboot_bios,98,18.37
qwen3vl,CLIP4_reboot_bios,99,20.82
internvl35,CLIP1_normal_assembly,0,19.05
internvl35,CLIP1_normal_assembly,1,16.64
internvl35,CLIP1_normal_assembly,10,13.6
internvl35,CLIP1_normal_assembly,11,12.14
internvl35,CLIP1_normal_assembly,12,12.26
internvl35,CLIP1_normal_assembly,13,12.25
internvl35,CLIP1_normal_assembly,14,15.24
internvl35,CLIP1_normal_assembly,15,13.53
internvl35,CLIP1_normal_assembly,16,13.05
internvl35,CLIP1_normal_assembly,17,13.82
internvl35,CLIP1_normal_assembly,18,15.07
internvl35,CLIP1_normal_assembly,19,16.04
internvl35,CLIP1_normal_assembly,2,14.24
internvl35,CLIP1_normal_assembly,20,12.89
internvl35,CLIP1_normal_assembly,21,12.74
internvl35,CLIP1_normal_assembly,22,16.36
internvl35,CLIP1_normal_assembly,23,17.49
internvl35,CLIP1_normal_assembly,24,13.89
internvl35,CLIP1_normal_assembly,25,13.57
internvl35,CLIP1_normal_assembly,26,13.88
internvl35,CLIP1_normal_assembly,27,14.7
internvl35,CLIP1_normal_assembly,28,16.25
internvl35,CLIP1_normal_assembly,29,16.5
internvl35,CLIP1_normal_assembly,3,12.85
internvl35,CLIP1_normal_assembly,30,16.2
internvl35,CLIP1_normal_assembly,31,16.1
internvl35,CLIP1_normal_assembly,32,14.67
internvl35,CLIP1_normal_assembly,33,15.27
internvl35,CLIP1_normal_assembly,34,13.12
internvl35,CLIP1_normal_assembly,35,14.34
internvl35,CLIP1_normal_assembly,36,14.31
internvl35,CLIP1_normal_assembly,37,12.12
internvl35,CLIP1_normal_assembly,38,13.37
internvl35,CLIP1_normal_assembly,39,12.91
internvl35,CLIP1_normal_assembly,4,13.66
internvl35,CLIP1_normal_assembly,40,12.4
internvl35,CLIP1_normal_assembly,41,12.1
internvl35,CLIP1_normal_assembly,42,14.31
internvl35,CLIP1_normal_assembly,43,14.98
internvl35,CLIP1_normal_assembly,44,15.79
internvl35,CLIP1_normal_assembly,45,17.16
internvl35,CLIP1_normal_assembly,46,11.98
internvl35,CLIP1_normal_assembly,47,14.65
internvl35,CLIP1_normal_assembly,48,14.34
internvl35,CLIP1_normal_assembly,49,14.32
internvl35,CLIP1_normal_assembly,5,13.94
internvl35,CLIP1_normal_assembly,50,16.41
internvl35,CLIP1_normal_assembly,51,15.27
internvl35,CLIP1_normal_assembly,52,11.97
internvl35,CLIP1_normal_assembly,53,16.05
internvl35,CLIP1_normal_assembly,54,12.75
internvl35,CLIP1_normal_assembly,55,12.75
internvl35,CLIP1_normal_assembly,56,12.29
internvl35,CLIP1_normal_assembly,57,12.92
internvl35,CLIP1_normal_assembly,58,12.26
internvl35,CLIP1_normal_assembly,59,15.16
internvl35,CLIP1_normal_assembly,6,14.59
internvl35,CLIP1_normal_assembly,60,17.33
internvl35,CLIP1_normal_assembly,61,17.02
internvl35,CLIP1_normal_assembly,62,17.46
internvl35,CLIP1_normal_assembly,63,15.42
internvl35,CLIP1_normal_assembly,64,15.11
internvl35,CLIP1_normal_assembly,65,15.44
internvl35,CLIP1_normal_assembly,66,15.12
internvl35,CLIP1_normal_assembly,67,16.83
internvl35,CLIP1_normal_assembly,68,14.63
internvl35,CLIP1_normal_assembly,69,13.98
internvl35,CLIP1_normal_assembly,7,13.62
internvl35,CLIP1_normal_assembly,70,15.25
internvl35,CLIP1_normal_assembly,71,19.02
internvl35,CLIP1_normal_assembly,72,18.12
internvl35,CLIP1_normal_assembly,73,16.64
internvl35,CLIP1_normal_assembly,74,14.47
internvl35,CLIP1_normal_assembly,75,15.11
internvl35,CLIP1_normal_assembly,76,20.2
internvl35,CLIP1_normal_assembly,77,16.24
internvl35,CLIP1_normal_assembly,78,15.76
internvl35,CLIP1_normal_assembly,79,16.22
internvl35,CLIP1_normal_assembly,8,12.98
internvl35,CLIP1_normal_assembly,80,15.13
internvl35,CLIP1_normal_assembly,81,14.02
internvl35,CLIP1_normal_assembly,82,14.64
internvl35,CLIP1_normal_assembly,83,14.81
internvl35,CLIP1_normal_assembly,84,12.1
internvl35,CLIP1_normal_assembly,85,17.98
internvl35,CLIP1_normal_assembly,86,14.62
internvl35,CLIP1_normal_assembly,87,13.69
internvl35,CLIP1_normal_assembly,88,14.17
internvl35,CLIP1_normal_assembly,89,15.09
internvl35,CLIP1_normal_assembly,9,14.88
internvl35,CLIP1_normal_assembly,90,16.88
internvl35,CLIP1_normal_assembly,91,15.46
internvl35,CLIP1_normal_assembly,92,15.23
internvl35,CLIP1_normal_assembly,93,18.89
internvl35,CLIP1_normal_assembly,94,15.29
internvl35,CLIP1_normal_assembly,95,11.19
internvl35,CLIP1_normal_assembly,96,13.36
internvl35,CLIP1_normal_assembly,97,12.91
internvl35,CLIP1_normal_assembly,98,16.21
internvl35,CLIP2_0704,0,19.53
internvl35,CLIP2_0704,1,18.63
internvl35,CLIP2_0704,10,15.79
internvl35,CLIP2_0704,11,16.11
internvl35,CLIP2_0704,12,14.65
internvl35,CLIP2_0704,13,16.08
internvl35,CLIP2_0704,14,13.87
internvl35,CLIP2_0704,15,15.91
internvl35,CLIP2_0704,16,15.45
internvl35,CLIP2_0704,17,14.82
internvl35,CLIP2_0704,18,14.52
internvl35,CLIP2_0704,19,12.39
internvl35,CLIP2_0704,2,15.57
internvl35,CLIP2_0704,20,15.8
internvl35,CLIP2_0704,21,13.39
internvl35,CLIP2_0704,22,11.3
internvl35,CLIP2_0704,23,14.65
internvl35,CLIP2_0704,24,17.35
internvl35,CLIP2_0704,25,14.87
internvl35,CLIP2_0704,26,15.64
internvl35,CLIP2_0704,27,15.1
internvl35,CLIP2_0704,28,13.69
internvl35,CLIP2_0704,29,11.75
internvl35,CLIP2_0704,3,19.76
internvl35,CLIP2_0704,30,12.41
internvl35,CLIP2_0704,31,14.82
internvl35,CLIP2_0704,32,14.99
internvl35,CLIP2_0704,33,17.02
internvl35,CLIP2_0704,34,12.11
internvl35,CLIP2_0704,35,11.99
internvl35,CLIP2_0704,36,12.41
internvl35,CLIP2_0704,37,14.05
internvl35,CLIP2_0704,38,17.88
internvl35,CLIP2_0704,39,11.97
internvl35,CLIP2_0704,4,15.27
internvl35,CLIP2_0704,40,20.27
internvl35,CLIP2_0704,41,13.37
internvl35,CLIP2_0704,42,15.46
internvl35,CLIP2_0704,43,12.73
internvl35,CLIP2_0704,44,15.49
internvl35,CLIP2_0704,45,16.42
internvl35,CLIP2_0704,46,15.93
internvl35,CLIP2_0704,47,16.23
internvl35,CLIP2_0704,48,16.24
internvl35,CLIP2_0704,49,15.43
internvl35,CLIP2_0704,5,15.61
internvl35,CLIP2_0704,50,15.46
internvl35,CLIP2_0704,51,12.56
internvl35,CLIP2_0704,52,15.15
internvl35,CLIP2_0704,53,14.33
internvl35,CLIP2_0704,54,15.63
internvl35,CLIP2_0704,55,12.37
internvl35,CLIP2_0704,56,15.27
internvl35,CLIP2_0704,6,15.89
internvl35,CLIP2_0704,7,20.58
internvl35,CLIP2_0704,8,18.63
internvl35,CLIP2_0704,9,14.64
internvl35,CLIP3_before_reboot_0704,0,15.59
internvl35,CLIP3_before_reboot_0704,1,12.18
internvl35,CLIP3_before_reboot_0704,10,15.31
internvl35,CLIP3_before_reboot_0704,11,15.3
internvl35,CLIP3_before_reboot_0704,12,15.96
internvl35,CLIP3_before_reboot_0704,13,14.35
internvl35,CLIP3_before_reboot_0704,14,15.32
internvl35,CLIP3_before_reboot_0704,15,15.33
internvl35,CLIP3_before_reboot_0704,16,12.32
internvl35,CLIP3_before_reboot_0704,17,16.75
internvl35,CLIP3_before_reboot_0704,18,18.45
internvl35,CLIP3_before_reboot_0704,19,15.81
internvl35,CLIP3_before_reboot_0704,2,12.28
internvl35,CLIP3_before_reboot_0704,20,15.6
internvl35,CLIP3_before_reboot_0704,21,16.4
internvl35,CLIP3_before_reboot_0704,22,19.09
internvl35,CLIP3_before_reboot_0704,23,18.14
internvl35,CLIP3_before_reboot_0704,24,16.58
internvl35,CLIP3_before_reboot_0704,25,17.35
internvl35,CLIP3_before_reboot_0704,26,18.33
internvl35,CLIP3_before_reboot_0704,27,17.23
internvl35,CLIP3_before_reboot_0704,28,15.34
internvl35,CLIP3_before_reboot_0704,29,15.01
internvl35,CLIP3_before_reboot_0704,3,12.66
internvl35,CLIP3_before_reboot_0704,30,18.08
internvl35,CLIP3_before_reboot_0704,31,12.27
internvl35,CLIP3_before_reboot_0704,32,12.33
internvl35,CLIP3_before_reboot_0704,33,12.24
internvl35,CLIP3_before_reboot_0704,34,12.19
internvl35,CLIP3_before_reboot_0704,35,12.31
internvl35,CLIP3_before_reboot_0704,36,12.18
internvl35,CLIP3_before_reboot_0704,37,11.71
internvl35,CLIP3_before_reboot_0704,38,12.15
internvl35,CLIP3_before_reboot_0704,39,14.65
internvl35,CLIP3_before_reboot_0704,4,12.17
internvl35,CLIP3_before_reboot_0704,40,12.18
internvl35,CLIP3_before_reboot_0704,41,12.17
internvl35,CLIP3_before_reboot_0704,42,12.97
internvl35,CLIP3_before_reboot_0704,43,15.32
internvl35,CLIP3_before_reboot_0704,44,14.51
internvl35,CLIP3_before_reboot_0704,45,14.99
internvl35,CLIP3_before_reboot_0704,46,14.2
internvl35,CLIP3_before_reboot_0704,47,16.11
internvl35,CLIP3_before_reboot_0704,48,17.36
internvl35,CLIP3_before_reboot_0704,49,14.5
internvl35,CLIP3_before_reboot_0704,5,16.9
internvl35,CLIP3_before_reboot_0704,50,14.7
internvl35,CLIP3_before_reboot_0704,51,12.13
internvl35,CLIP3_before_reboot_0704,52,19.14
internvl35,CLIP3_before_reboot_0704,53,12.3
internvl35,CLIP3_before_reboot_0704,54,14.54
internvl35,CLIP3_before_reboot_0704,6,15.32
internvl35,CLIP3_before_reboot_0704,7,16.87
internvl35,CLIP3_before_reboot_0704,8,15.28
internvl35,CLIP3_before_reboot_0704,9,16.89
internvl35,CLIP4_reboot_bios,0,12.31
internvl35,CLIP4_reboot_bios,1,14.6
internvl35,CLIP4_reboot_bios,10,13.98
internvl35,CLIP4_reboot_bios,100,11.94
internvl35,CLIP4_reboot_bios,101,17.23
internvl35,CLIP4_reboot_bios,102,12.05
internvl35,CLIP4_reboot_bios,103,12.08
internvl35,CLIP4_reboot_bios,104,16.78
internvl35,CLIP4_reboot_bios,105,16.75
internvl35,CLIP4_reboot_bios,106,13.33
internvl35,CLIP4_reboot_bios,107,10.98
internvl35,CLIP4_reboot_bios,108,11.59
internvl35,CLIP4_reboot_bios,109,17.24
internvl35,CLIP4_reboot_bios,11,14.73
internvl35,CLIP4_reboot_bios,110,17.07
internvl35,CLIP4_reboot_bios,111,11.46
internvl35,CLIP4_reboot_bios,112,16.97
internvl35,CLIP4_reboot_bios,113,12.57
internvl35,CLIP4_reboot_bios,114,12.23
internvl35,CLIP4_reboot_bios,12,14.28
internvl35,CLIP4_reboot_bios,13,13.17
internvl35,CLIP4_reboot_bios,14,14.77
internvl35,CLIP4_reboot_bios,15,14.93
internvl35,CLIP4_reboot_bios,16,13.95
internvl35,CLIP4_reboot_bios,17,13.67
internvl35,CLIP4_reboot_bios,18,17.02
internvl35,CLIP4_reboot_bios,19,14.0
internvl35,CLIP4_reboot_bios,2,13.13
internvl35,CLIP4_reboot_bios,20,13.17
internvl35,CLIP4_reboot_bios,21,13.81
internvl35,CLIP4_reboot_bios,22,13.96
internvl35,CLIP4_reboot_bios,23,13.98
internvl35,CLIP4_reboot_bios,24,13.95
internvl35,CLIP4_reboot_bios,25,13.18
internvl35,CLIP4_reboot_bios,26,13.82
internvl35,CLIP4_reboot_bios,27,18.15
internvl35,CLIP4_reboot_bios,28,13.51
internvl35,CLIP4_reboot_bios,29,14.31
internvl35,CLIP4_reboot_bios,3,14.31
internvl35,CLIP4_reboot_bios,30,17.44
internvl35,CLIP4_reboot_bios,31,16.97
internvl35,CLIP4_reboot_bios,32,13.17
internvl35,CLIP4_reboot_bios,33,13.95
internvl35,CLIP4_reboot_bios,34,12.71
internvl35,CLIP4_reboot_bios,35,13.48
internvl35,CLIP4_reboot_bios,36,12.67
internvl35,CLIP4_reboot_bios,37,13.93
internvl35,CLIP4_reboot_bios,38,14.71
internvl35,CLIP4_reboot_bios,39,13.71
internvl35,CLIP4_reboot_bios,4,14.27
internvl35,CLIP4_reboot_bios,40,14.37
internvl35,CLIP4_reboot_bios,41,11.56
internvl35,CLIP4_reboot_bios,42,14.32
internvl35,CLIP4_reboot_bios,43,14.69
internvl35,CLIP4_reboot_bios,44,13.89
internvl35,CLIP4_reboot_bios,45,14.01
internvl35,CLIP4_reboot_bios,46,12.28
internvl35,CLIP4_reboot_bios,47,11.35
internvl35,CLIP4_reboot_bios,48,11.37
internvl35,CLIP4_reboot_bios,49,12.01
internvl35,CLIP4_reboot_bios,5,11.87
internvl35,CLIP4_reboot_bios,50,10.76
internvl35,CLIP4_reboot_bios,51,10.73
internvl35,CLIP4_reboot_bios,52,10.74
internvl35,CLIP4_reboot_bios,53,10.76
internvl35,CLIP4_reboot_bios,54,10.73
internvl35,CLIP4_reboot_bios,55,10.77
internvl35,CLIP4_reboot_bios,56,10.79
internvl35,CLIP4_reboot_bios,57,10.79
internvl35,CLIP4_reboot_bios,58,10.79
internvl35,CLIP4_reboot_bios,59,10.8
internvl35,CLIP4_reboot_bios,6,17.15
internvl35,CLIP4_reboot_bios,60,10.81
internvl35,CLIP4_reboot_bios,61,14.58
internvl35,CLIP4_reboot_bios,62,14.26
internvl35,CLIP4_reboot_bios,63,14.6
internvl35,CLIP4_reboot_bios,64,14.57
internvl35,CLIP4_reboot_bios,65,14.58
internvl35,CLIP4_reboot_bios,66,13.61
internvl35,CLIP4_reboot_bios,67,13.77
internvl35,CLIP4_reboot_bios,68,13.76
internvl35,CLIP4_reboot_bios,69,14.56
internvl35,CLIP4_reboot_bios,7,16.33
internvl35,CLIP4_reboot_bios,70,13.15
internvl35,CLIP4_reboot_bios,71,16.94
internvl35,CLIP4_reboot_bios,72,16.96
internvl35,CLIP4_reboot_bios,73,12.99
internvl35,CLIP4_reboot_bios,74,12.98
internvl35,CLIP4_reboot_bios,75,12.83
internvl35,CLIP4_reboot_bios,76,11.55
internvl35,CLIP4_reboot_bios,77,12.68
internvl35,CLIP4_reboot_bios,78,13.46
internvl35,CLIP4_reboot_bios,79,11.55
internvl35,CLIP4_reboot_bios,8,17.81
internvl35,CLIP4_reboot_bios,80,17.43
internvl35,CLIP4_reboot_bios,81,17.43
internvl35,CLIP4_reboot_bios,82,18.4
internvl35,CLIP4_reboot_bios,83,11.74
internvl35,CLIP4_reboot_bios,84,13.32
internvl35,CLIP4_reboot_bios,85,12.83
internvl35,CLIP4_reboot_bios,86,11.37
internvl35,CLIP4_reboot_bios,87,12.26
internvl35,CLIP4_reboot_bios,88,13.93
internvl35,CLIP4_reboot_bios,89,13.92
internvl35,CLIP4_reboot_bios,9,17.49
internvl35,CLIP4_reboot_bios,90,13.72
internvl35,CLIP4_reboot_bios,91,13.73
internvl35,CLIP4_reboot_bios,92,13.72
internvl35,CLIP4_reboot_bios,93,13.41
internvl35,CLIP4_reboot_bios,94,13.55
internvl35,CLIP4_reboot_bios,95,16.88
internvl35,CLIP4_reboot_bios,96,13.36
internvl35,CLIP4_reboot_bios,97,13.37
internvl35,CLIP4_reboot_bios,98,13.34
internvl35,CLIP4_reboot_bios,99,17.44
minicpm45,CLIP1_normal_assembly,0,26.19
minicpm45,CLIP1_normal_assembly,1,26.57
minicpm45,CLIP1_normal_assembly,10,28.83
minicpm45,CLIP1_normal_assembly,11,23.3
minicpm45,CLIP1_normal_assembly,12,25.15
minicpm45,CLIP1_normal_assembly,13,21.28
minicpm45,CLIP1_normal_assembly,14,20.25
minicpm45,CLIP1_normal_assembly,15,28.27
minicpm45,CLIP1_normal_assembly,16,25.29
minicpm45,CLIP1_normal_assembly,17,27.65
minicpm45,CLIP1_normal_assembly,18,27.4
minicpm45,CLIP1_normal_assembly,19,21.32
minicpm45,CLIP1_normal_assembly,2,21.21
minicpm45,CLIP1_normal_assembly,20,21.58
minicpm45,CLIP1_normal_assembly,21,21.58
minicpm45,CLIP1_normal_assembly,22,27.54
minicpm45,CLIP1_normal_assembly,23,31.97
minicpm45,CLIP1_normal_assembly,24,22.82
minicpm45,CLIP1_normal_assembly,25,24.07
minicpm45,CLIP1_normal_assembly,26,24.06
minicpm45,CLIP1_normal_assembly,27,21.05
minicpm45,CLIP1_normal_assembly,28,27.22
minicpm45,CLIP1_normal_assembly,29,21.28
minicpm45,CLIP1_normal_assembly,3,26.02
minicpm45,CLIP1_normal_assembly,30,23.1
minicpm45,CLIP1_normal_assembly,31,27.84
minicpm45,CLIP1_normal_assembly,32,23.66
minicpm45,CLIP1_normal_assembly,33,27.63
minicpm45,CLIP1_normal_assembly,34,28.56
minicpm45,CLIP1_normal_assembly,35,27.22
minicpm45,CLIP1_normal_assembly,36,22.76
minicpm45,CLIP1_normal_assembly,37,27.63
minicpm45,CLIP1_normal_assembly,38,28.82
minicpm45,CLIP1_normal_assembly,39,22.82
minicpm45,CLIP1_normal_assembly,4,21.64
minicpm45,CLIP1_normal_assembly,40,23.78
minicpm45,CLIP1_normal_assembly,41,23.78
minicpm45,CLIP1_normal_assembly,42,22.5
minicpm45,CLIP1_normal_assembly,43,38.85
minicpm45,CLIP1_normal_assembly,44,22.84
minicpm45,CLIP1_normal_assembly,45,27.98
minicpm45,CLIP1_normal_assembly,46,27.28
minicpm45,CLIP1_normal_assembly,47,26.08
minicpm45,CLIP1_normal_assembly,48,27.37
minicpm45,CLIP1_normal_assembly,49,27.36
minicpm45,CLIP1_normal_assembly,5,29.4
minicpm45,CLIP1_normal_assembly,50,27.98
minicpm45,CLIP1_normal_assembly,51,27.47
minicpm45,CLIP1_normal_assembly,52,54.41
minicpm45,CLIP1_normal_assembly,53,22.8
minicpm45,CLIP1_normal_assembly,54,30.04
minicpm45,CLIP1_normal_assembly,55,35.62
minicpm45,CLIP1_normal_assembly,56,28.93
minicpm45,CLIP1_normal_assembly,57,32.25
minicpm45,CLIP1_normal_assembly,58,25.9
minicpm45,CLIP1_normal_assembly,59,39.87
minicpm45,CLIP1_normal_assembly,6,27.04
minicpm45,CLIP1_normal_assembly,60,26.7
minicpm45,CLIP1_normal_assembly,61,25.92
minicpm45,CLIP1_normal_assembly,62,27.98
minicpm45,CLIP1_normal_assembly,63,27.11
minicpm45,CLIP1_normal_assembly,64,25.93
minicpm45,CLIP1_normal_assembly,65,25.14
minicpm45,CLIP1_normal_assembly,66,27.47
minicpm45,CLIP1_normal_assembly,67,27.71
minicpm45,CLIP1_normal_assembly,68,23.85
minicpm45,CLIP1_normal_assembly,69,27.62
minicpm45,CLIP1_normal_assembly,7,27.3
minicpm45,CLIP1_normal_assembly,70,33.28
minicpm45,CLIP1_normal_assembly,71,22.5
minicpm45,CLIP1_normal_assembly,72,27.98
minicpm45,CLIP1_normal_assembly,73,25.64
minicpm45,CLIP1_normal_assembly,74,27.2
minicpm45,CLIP1_normal_assembly,75,35.21
minicpm45,CLIP1_normal_assembly,76,30.29
minicpm45,CLIP1_normal_assembly,77,26.17
minicpm45,CLIP1_normal_assembly,78,27.21
minicpm45,CLIP1_normal_assembly,79,27.47
minicpm45,CLIP1_normal_assembly,8,28.07
minicpm45,CLIP1_normal_assembly,80,23.71
minicpm45,CLIP1_normal_assembly,81,36.24
minicpm45,CLIP1_normal_assembly,82,23.77
minicpm45,CLIP1_normal_assembly,83,137.34
minicpm45,CLIP1_normal_assembly,84,24.56
minicpm45,CLIP1_normal_assembly,85,26.51
minicpm45,CLIP1_normal_assembly,86,27.88
minicpm45,CLIP1_normal_assembly,87,24.13
minicpm45,CLIP1_normal_assembly,88,26.59
minicpm45,CLIP1_normal_assembly,89,27.63
minicpm45,CLIP1_normal_assembly,9,23.47
minicpm45,CLIP1_normal_assembly,90,54.79
minicpm45,CLIP1_normal_assembly,91,27.2
minicpm45,CLIP1_normal_assembly,92,19.48
minicpm45,CLIP1_normal_assembly,93,19.23
minicpm45,CLIP1_normal_assembly,94,138.17
minicpm45,CLIP1_normal_assembly,95,27.78
minicpm45,CLIP1_normal_assembly,96,20.19
minicpm45,CLIP1_normal_assembly,97,17.89
minicpm45,CLIP1_normal_assembly,98,21.29
minicpm45,CLIP2_0704,0,44.57
minicpm45,CLIP2_0704,1,28.0
minicpm45,CLIP2_0704,10,40.96
minicpm45,CLIP2_0704,11,29.28
minicpm45,CLIP2_0704,12,25.95
minicpm45,CLIP2_0704,13,19.19
minicpm45,CLIP2_0704,14,23.57
minicpm45,CLIP2_0704,15,25.78
minicpm45,CLIP2_0704,16,26.3
minicpm45,CLIP2_0704,17,20.35
minicpm45,CLIP2_0704,18,18.99
minicpm45,CLIP2_0704,19,26.55
minicpm45,CLIP2_0704,2,25.08
minicpm45,CLIP2_0704,20,25.1
minicpm45,CLIP2_0704,21,26.03
minicpm45,CLIP2_0704,22,28.62
minicpm45,CLIP2_0704,23,20.86
minicpm45,CLIP2_0704,24,38.47
minicpm45,CLIP2_0704,25,24.64
minicpm45,CLIP2_0704,26,26.09
minicpm45,CLIP2_0704,27,29.65
minicpm45,CLIP2_0704,28,28.76
minicpm45,CLIP2_0704,29,29.14
minicpm45,CLIP2_0704,3,31.6
minicpm45,CLIP2_0704,30,18.28
minicpm45,CLIP2_0704,31,29.66
minicpm45,CLIP2_0704,32,42.05
minicpm45,CLIP2_0704,33,19.96
minicpm45,CLIP2_0704,34,22.04
minicpm45,CLIP2_0704,35,26.62
minicpm45,CLIP2_0704,36,26.17
minicpm45,CLIP2_0704,37,31.48
minicpm45,CLIP2_0704,38,22.07
minicpm45,CLIP2_0704,39,21.04
minicpm45,CLIP2_0704,4,41.2
minicpm45,CLIP2_0704,40,18.99
minicpm45,CLIP2_0704,41,27.89
minicpm45,CLIP2_0704,42,27.72
minicpm45,CLIP2_0704,43,27.89
minicpm45,CLIP2_0704,44,26.19
minicpm45,CLIP2_0704,45,25.76
minicpm45,CLIP2_0704,46,26.8
minicpm45,CLIP2_0704,47,21.99
minicpm45,CLIP2_0704,48,26.86
minicpm45,CLIP2_0704,49,21.11
minicpm45,CLIP2_0704,5,26.98
minicpm45,CLIP2_0704,50,21.36
minicpm45,CLIP2_0704,51,21.95
minicpm45,CLIP2_0704,52,21.1
minicpm45,CLIP2_0704,53,24.99
minicpm45,CLIP2_0704,54,21.93
minicpm45,CLIP2_0704,55,28.78
minicpm45,CLIP2_0704,56,24.81
minicpm45,CLIP2_0704,6,25.66
minicpm45,CLIP2_0704,7,28.52
minicpm45,CLIP2_0704,8,33.44
minicpm45,CLIP2_0704,9,33.2
minicpm45,CLIP3_before_reboot_0704,0,42.2
minicpm45,CLIP3_before_reboot_0704,1,22.32
minicpm45,CLIP3_before_reboot_0704,10,23.98
minicpm45,CLIP3_before_reboot_0704,11,23.46
minicpm45,CLIP3_before_reboot_0704,12,22.66
minicpm45,CLIP3_before_reboot_0704,13,22.68
minicpm45,CLIP3_before_reboot_0704,14,20.1
minicpm45,CLIP3_before_reboot_0704,15,20.12
minicpm45,CLIP3_before_reboot_0704,16,21.41
minicpm45,CLIP3_before_reboot_0704,17,21.63
minicpm45,CLIP3_before_reboot_0704,18,27.76
minicpm45,CLIP3_before_reboot_0704,19,22.47
minicpm45,CLIP3_before_reboot_0704,2,19.95
minicpm45,CLIP3_before_reboot_0704,20,30.62
minicpm45,CLIP3_before_reboot_0704,21,21.62
minicpm45,CLIP3_before_reboot_0704,22,28.11
minicpm45,CLIP3_before_reboot_0704,23,21.38
minicpm45,CLIP3_before_reboot_0704,24,21.87
minicpm45,CLIP3_before_reboot_0704,25,22.65
minicpm45,CLIP3_before_reboot_0704,26,22.66
minicpm45,CLIP3_before_reboot_0704,27,21.61
minicpm45,CLIP3_before_reboot_0704,28,27.06
minicpm45,CLIP3_before_reboot_0704,29,21.61
minicpm45,CLIP3_before_reboot_0704,3,22.6
minicpm45,CLIP3_before_reboot_0704,30,21.61
minicpm45,CLIP3_before_reboot_0704,31,18.74
minicpm45,CLIP3_before_reboot_0704,32,22.31
minicpm45,CLIP3_before_reboot_0704,33,21.05
minicpm45,CLIP3_before_reboot_0704,34,22.33
minicpm45,CLIP3_before_reboot_0704,35,21.11
minicpm45,CLIP3_before_reboot_0704,36,25.41
minicpm45,CLIP3_before_reboot_0704,37,26.37
minicpm45,CLIP3_before_reboot_0704,38,25.06
minicpm45,CLIP3_before_reboot_0704,39,39.74
minicpm45,CLIP3_before_reboot_0704,4,20.79
minicpm45,CLIP3_before_reboot_0704,40,22.25
minicpm45,CLIP3_before_reboot_0704,41,22.33
minicpm45,CLIP3_before_reboot_0704,42,20.79
minicpm45,CLIP3_before_reboot_0704,43,26.79
minicpm45,CLIP3_before_reboot_0704,44,29.13
minicpm45,CLIP3_before_reboot_0704,45,20.34
minicpm45,CLIP3_before_reboot_0704,46,21.6
minicpm45,CLIP3_before_reboot_0704,47,27.85
minicpm45,CLIP3_before_reboot_0704,48,22.43
minicpm45,CLIP3_before_reboot_0704,49,20.35
minicpm45,CLIP3_before_reboot_0704,5,23.98
minicpm45,CLIP3_before_reboot_0704,50,22.34
minicpm45,CLIP3_before_reboot_0704,51,30.6
minicpm45,CLIP3_before_reboot_0704,52,22.55
minicpm45,CLIP3_before_reboot_0704,53,27.64
minicpm45,CLIP3_before_reboot_0704,54,26.8
minicpm45,CLIP3_before_reboot_0704,6,26.04
minicpm45,CLIP3_before_reboot_0704,7,20.61
minicpm45,CLIP3_before_reboot_0704,8,22.94
minicpm45,CLIP3_before_reboot_0704,9,22.94
minicpm45,CLIP4_reboot_bios,0,32.36
minicpm45,CLIP4_reboot_bios,1,32.74
minicpm45,CLIP4_reboot_bios,10,30.73
minicpm45,CLIP4_reboot_bios,100,23.04
minicpm45,CLIP4_reboot_bios,101,25.31
minicpm45,CLIP4_reboot_bios,102,21.21
minicpm45,CLIP4_reboot_bios,103,20.7
minicpm45,CLIP4_reboot_bios,104,30.7
minicpm45,CLIP4_reboot_bios,105,33.78
minicpm45,CLIP4_reboot_bios,106,24.28
minicpm45,CLIP4_reboot_bios,107,18.4
minicpm45,CLIP4_reboot_bios,108,20.7
minicpm45,CLIP4_reboot_bios,109,34.82
minicpm45,CLIP4_reboot_bios,11,28.17
minicpm45,CLIP4_reboot_bios,110,28.13
minicpm45,CLIP4_reboot_bios,111,20.24
minicpm45,CLIP4_reboot_bios,112,23.26
minicpm45,CLIP4_reboot_bios,113,21.21
minicpm45,CLIP4_reboot_bios,114,20.45
minicpm45,CLIP4_reboot_bios,12,25.6
minicpm45,CLIP4_reboot_bios,13,21.76
minicpm45,CLIP4_reboot_bios,14,37.69
minicpm45,CLIP4_reboot_bios,15,22.58
minicpm45,CLIP4_reboot_bios,16,20.22
minicpm45,CLIP4_reboot_bios,17,35.37
minicpm45,CLIP4_reboot_bios,18,22.52
minicpm45,CLIP4_reboot_bios,19,20.72
minicpm45,CLIP4_reboot_bios,2,31.22
minicpm45,CLIP4_reboot_bios,20,24.82
minicpm45,CLIP4_reboot_bios,21,21.74
minicpm45,CLIP4_reboot_bios,22,20.72
minicpm45,CLIP4_reboot_bios,23,20.73
minicpm45,CLIP4_reboot_bios,24,23.79
minicpm45,CLIP4_reboot_bios,25,25.07
minicpm45,CLIP4_reboot_bios,26,24.83
minicpm45,CLIP4_reboot_bios,27,19.45
minicpm45,CLIP4_reboot_bios,28,22.26
minicpm45,CLIP4_reboot_bios,29,23.29
minicpm45,CLIP4_reboot_bios,3,22.51
minicpm45,CLIP4_reboot_bios,30,22.26
minicpm45,CLIP4_reboot_bios,31,21.74
minicpm45,CLIP4_reboot_bios,32,22.51
minicpm45,CLIP4_reboot_bios,33,28.41
minicpm45,CLIP4_reboot_bios,34,30.47
minicpm45,CLIP4_reboot_bios,35,33.16
minicpm45,CLIP4_reboot_bios,36,28.76
minicpm45,CLIP4_reboot_bios,37,20.97
minicpm45,CLIP4_reboot_bios,38,25.16
minicpm45,CLIP4_reboot_bios,39,23.28
minicpm45,CLIP4_reboot_bios,4,19.18
minicpm45,CLIP4_reboot_bios,40,25.44
minicpm45,CLIP4_reboot_bios,41,23.74
minicpm45,CLIP4_reboot_bios,42,23.01
minicpm45,CLIP4_reboot_bios,43,136.5
minicpm45,CLIP4_reboot_bios,44,36.74
minicpm45,CLIP4_reboot_bios,45,28.64
minicpm45,CLIP4_reboot_bios,46,23.52
minicpm45,CLIP4_reboot_bios,47,26.77
minicpm45,CLIP4_reboot_bios,48,33.93
minicpm45,CLIP4_reboot_bios,49,19.88
minicpm45,CLIP4_reboot_bios,5,24.06
minicpm45,CLIP4_reboot_bios,50,16.69
minicpm45,CLIP4_reboot_bios,51,16.18
minicpm45,CLIP4_reboot_bios,52,16.18
minicpm45,CLIP4_reboot_bios,53,18.47
minicpm45,CLIP4_reboot_bios,54,25.59
minicpm45,CLIP4_reboot_bios,55,45.85
minicpm45,CLIP4_reboot_bios,56,26.36
minicpm45,CLIP4_reboot_bios,57,16.69
minicpm45,CLIP4_reboot_bios,58,20.75
minicpm45,CLIP4_reboot_bios,59,42.0
minicpm45,CLIP4_reboot_bios,6,22.77
minicpm45,CLIP4_reboot_bios,60,17.45
minicpm45,CLIP4_reboot_bios,61,19.94
minicpm45,CLIP4_reboot_bios,62,17.89
minicpm45,CLIP4_reboot_bios,63,29.67
minicpm45,CLIP4_reboot_bios,64,17.64
minicpm45,CLIP4_reboot_bios,65,17.89
minicpm45,CLIP4_reboot_bios,66,17.89
minicpm45,CLIP4_reboot_bios,67,23.26
minicpm45,CLIP4_reboot_bios,68,17.89
minicpm45,CLIP4_reboot_bios,69,17.89
minicpm45,CLIP4_reboot_bios,7,22.77
minicpm45,CLIP4_reboot_bios,70,19.93
minicpm45,CLIP4_reboot_bios,71,21.97
minicpm45,CLIP4_reboot_bios,72,22.5
minicpm45,CLIP4_reboot_bios,73,26.08
minicpm45,CLIP4_reboot_bios,74,30.18
minicpm45,CLIP4_reboot_bios,75,21.98
minicpm45,CLIP4_reboot_bios,76,25.81
minicpm45,CLIP4_reboot_bios,77,21.47
minicpm45,CLIP4_reboot_bios,78,23.76
minicpm45,CLIP4_reboot_bios,79,19.42
minicpm45,CLIP4_reboot_bios,8,26.46
minicpm45,CLIP4_reboot_bios,80,26.58
minicpm45,CLIP4_reboot_bios,81,41.51
minicpm45,CLIP4_reboot_bios,82,37.64
minicpm45,CLIP4_reboot_bios,83,19.98
minicpm45,CLIP4_reboot_bios,84,24.8
minicpm45,CLIP4_reboot_bios,85,21.79
minicpm45,CLIP4_reboot_bios,86,19.94
minicpm45,CLIP4_reboot_bios,87,21.98
minicpm45,CLIP4_reboot_bios,88,23.25
minicpm45,CLIP4_reboot_bios,89,22.23
minicpm45,CLIP4_reboot_bios,9,29.3
minicpm45,CLIP4_reboot_bios,90,34.55
minicpm45,CLIP4_reboot_bios,91,30.69
minicpm45,CLIP4_reboot_bios,92,27.35
minicpm45,CLIP4_reboot_bios,93,21.46
minicpm45,CLIP4_reboot_bios,94,22.23
minicpm45,CLIP4_reboot_bios,95,22.49
minicpm45,CLIP4_reboot_bios,96,36.09
minicpm45,CLIP4_reboot_bios,97,30.94
minicpm45,CLIP4_reboot_bios,98,21.46
minicpm45,CLIP4_reboot_bios,99,25.81
