model,video_id,frame_idx,pass,issues
qwen3vl,CLIP1_normal_assembly,0,True,
qwen3vl,CLIP1_normal_assembly,1,True,
qwen3vl,CLIP1_normal_assembly,10,True,
qwen3vl,CLIP1_normal_assembly,11,True,
qwen3vl,CLIP1_normal_assembly,12,True,
qwen3vl,CLIP1_normal_assembly,13,True,
qwen3vl,CLIP1_normal_assembly,14,True,
qwen3vl,CLIP1_normal_assembly,15,True,
qwen3vl,CLIP1_normal_assembly,16,True,
qwen3vl,CLIP1_normal_assembly,17,True,
qwen3vl,CLIP1_normal_assembly,18,True,
qwen3vl,CLIP1_normal_assembly,19,True,
qwen3vl,CLIP1_normal_assembly,2,True,
qwen3vl,CLIP1_normal_assembly,20,True,
qwen3vl,CLIP1_normal_assembly,21,True,
qwen3vl,CLIP1_normal_assembly,22,True,
qwen3vl,CLIP1_normal_assembly,23,True,
qwen3vl,CLIP1_normal_assembly,24,True,
qwen3vl,CLIP1_normal_assembly,25,True,
qwen3vl,CLIP1_normal_assembly,26,True,
qwen3vl,CLIP1_normal_assembly,27,True,
qwen3vl,CLIP1_normal_assembly,28,True,
qwen3vl,CLIP1_normal_assembly,29,True,
qwen3vl,CLIP1_normal_assembly,3,True,
qwen3vl,CLIP1_normal_assembly,30,True,
qwen3vl,CLIP1_normal_assembly,31,True,
qwen3vl,CLIP1_normal_assembly,32,True,
qwen3vl,CLIP1_normal_assembly,33,True,
qwen3vl,CLIP1_normal_assembly,34,False,ACTION_INVALID
qwen3vl,CLIP1_normal_assembly,35,True,
qwen3vl,CLIP1_normal_assembly,36,True,
qwen3vl,CLIP1_normal_assembly,37,True,
qwen3vl,CLIP1_normal_assembly,38,True,
qwen3vl,CLIP1_normal_assembly,39,True,
qwen3vl,CLIP1_normal_assembly,4,True,
qwen3vl,CLIP1_normal_assembly,40,True,
qwen3vl,CLIP1_normal_assembly,41,True,
qwen3vl,CLIP1_normal_assembly,42,True,
qwen3vl,CLIP1_normal_assembly,43,True,
qwen3vl,CLIP1_normal_assembly,44,True,
qwen3vl,CLIP1_normal_assembly,45,True,
qwen3vl,CLIP1_normal_assembly,46,True,
qwen3vl,CLIP1_normal_assembly,47,True,
qwen3vl,CLIP1_normal_assembly,48,True,
qwen3vl,CLIP1_normal_assembly,49,True,
qwen3vl,CLIP1_normal_assembly,5,True,
qwen3vl,CLIP1_normal_assembly,50,True,
qwen3vl,CLIP1_normal_assembly,51,True,
qwen3vl,CLIP1_normal_assembly,52,True,
qwen3vl,CLIP1_normal_assembly,53,True,
qwen3vl,CLIP1_normal_assembly,54,True,
qwen3vl,CLIP1_normal_assembly,55,True,
qwen3vl,CLIP1_normal_assembly,56,True,
qwen3vl,CLIP1_normal_assembly,57,True,
qwen3vl,CLIP1_normal_assembly,58,True,
qwen3vl,CLIP1_normal_assembly,59,True,
qwen3vl,CLIP1_normal_assembly,6,False,ACTION_INVALID
qwen3vl,CLIP1_normal_assembly,60,True,
qwen3vl,CLIP1_normal_assembly,61,True,
qwen3vl,CLIP1_normal_assembly,62,True,
qwen3vl,CLIP1_normal_assembly,63,True,
qwen3vl,CLIP1_normal_assembly,64,True,
qwen3vl,CLIP1_normal_assembly,65,True,
qwen3vl,CLIP1_normal_assembly,66,True,
qwen3vl,CLIP1_normal_assembly,67,True,
qwen3vl,CLIP1_normal_assembly,68,True,
qwen3vl,CLIP1_normal_assembly,69,True,
qwen3vl,CLIP1_normal_assembly,7,True,
qwen3vl,CLIP1_normal_assembly,70,True,
qwen3vl,CLIP1_normal_assembly,71,True,
qwen3vl,CLIP1_normal_assembly,72,True,
qwen3vl,CLIP1_normal_assembly,73,True,
qwen3vl,CLIP1_normal_assembly,74,True,
qwen3vl,CLIP1_normal_assembly,75,True,
qwen3vl,CLIP1_normal_assembly,76,True,
qwen3vl,CLIP1_normal_assembly,77,True,
qwen3vl,CLIP1_normal_assembly,78,True,
qwen3vl,CLIP1_normal_assembly,79,True,
qwen3vl,CLIP1_normal_assembly,8,True,
qwen3vl,CLIP1_normal_assembly,80,True,
qwen3vl,CLIP1_normal_assembly,81,True,
qwen3vl,CLIP1_normal_assembly,82,True,
qwen3vl,CLIP1_normal_assembly,83,True,
qwen3vl,CLIP1_normal_assembly,84,True,
qwen3vl,CLIP1_normal_assembly,85,True,
qwen3vl,CLIP1_normal_assembly,86,True,
qwen3vl,CLIP1_normal_assembly,87,True,
qwen3vl,CLIP1_normal_assembly,88,True,
qwen3vl,CLIP1_normal_assembly,89,True,
qwen3vl,CLIP1_normal_assembly,9,False,ACTION_INVALID
qwen3vl,CLIP1_normal_assembly,90,True,
qwen3vl,CLIP1_normal_assembly,91,True,
qwen3vl,CLIP1_normal_assembly,92,True,
qwen3vl,CLIP1_normal_assembly,93,True,
qwen3vl,CLIP1_normal_assembly,94,True,
qwen3vl,CLIP1_normal_assembly,95,True,
qwen3vl,CLIP1_normal_assembly,96,True,
qwen3vl,CLIP1_normal_assembly,97,True,
qwen3vl,CLIP1_normal_assembly,98,True,
qwen3vl,CLIP2_0704,0,True,
qwen3vl,CLIP2_0704,1,True,
qwen3vl,CLIP2_0704,10,True,
qwen3vl,CLIP2_0704,11,True,
qwen3vl,CLIP2_0704,12,True,
qwen3vl,CLIP2_0704,13,False,ACTION_INVALID
qwen3vl,CLIP2_0704,14,True,
qwen3vl,CLIP2_0704,15,True,
qwen3vl,CLIP2_0704,16,True,
qwen3vl,CLIP2_0704,17,True,
qwen3vl,CLIP2_0704,18,True,
qwen3vl,CLIP2_0704,19,True,
qwen3vl,CLIP2_0704,2,True,
qwen3vl,CLIP2_0704,20,True,
qwen3vl,CLIP2_0704,21,True,
qwen3vl,CLIP2_0704,22,True,
qwen3vl,CLIP2_0704,23,True,
qwen3vl,CLIP2_0704,24,True,
qwen3vl,CLIP2_0704,25,True,
qwen3vl,CLIP2_0704,26,True,
qwen3vl,CLIP2_0704,27,True,
qwen3vl,CLIP2_0704,28,True,
qwen3vl,CLIP2_0704,29,True,
qwen3vl,CLIP2_0704,3,True,
qwen3vl,CLIP2_0704,30,True,
qwen3vl,CLIP2_0704,31,True,
qwen3vl,CLIP2_0704,32,True,
qwen3vl,CLIP2_0704,33,True,
qwen3vl,CLIP2_0704,34,True,
qwen3vl,CLIP2_0704,35,True,
qwen3vl,CLIP2_0704,36,True,
qwen3vl,CLIP2_0704,37,True,
qwen3vl,CLIP2_0704,38,True,
qwen3vl,CLIP2_0704,39,True,
qwen3vl,CLIP2_0704,4,True,
qwen3vl,CLIP2_0704,40,True,
qwen3vl,CLIP2_0704,41,False,ACTION_INVALID
qwen3vl,CLIP2_0704,42,True,
qwen3vl,CLIP2_0704,43,True,
qwen3vl,CLIP2_0704,44,True,
qwen3vl,CLIP2_0704,45,True,
qwen3vl,CLIP2_0704,46,True,
qwen3vl,CLIP2_0704,47,True,
qwen3vl,CLIP2_0704,48,True,
qwen3vl,CLIP2_0704,49,True,
qwen3vl,CLIP2_0704,5,True,
qwen3vl,CLIP2_0704,50,True,
qwen3vl,CLIP2_0704,51,True,
qwen3vl,CLIP2_0704,52,True,
qwen3vl,CLIP2_0704,53,True,
qwen3vl,CLIP2_0704,54,True,
qwen3vl,CLIP2_0704,55,True,
qwen3vl,CLIP2_0704,56,True,
qwen3vl,CLIP2_0704,6,True,
qwen3vl,CLIP2_0704,7,True,
qwen3vl,CLIP2_0704,8,True,
qwen3vl,CLIP2_0704,9,True,
qwen3vl,CLIP3_before_reboot_0704,0,True,
qwen3vl,CLIP3_before_reboot_0704,1,True,
qwen3vl,CLIP3_before_reboot_0704,10,True,
qwen3vl,CLIP3_before_reboot_0704,11,True,
qwen3vl,CLIP3_before_reboot_0704,12,True,
qwen3vl,CLIP3_before_reboot_0704,13,True,
qwen3vl,CLIP3_before_reboot_0704,14,True,
qwen3vl,CLIP3_before_reboot_0704,15,True,
qwen3vl,CLIP3_before_reboot_0704,16,True,
qwen3vl,CLIP3_before_reboot_0704,17,True,
qwen3vl,CLIP3_before_reboot_0704,18,True,
qwen3vl,CLIP3_before_reboot_0704,19,True,
qwen3vl,CLIP3_before_reboot_0704,2,True,
qwen3vl,CLIP3_before_reboot_0704,20,True,
qwen3vl,CLIP3_before_reboot_0704,21,True,
qwen3vl,CLIP3_before_reboot_0704,22,True,
qwen3vl,CLIP3_before_reboot_0704,23,True,
qwen3vl,CLIP3_before_reboot_0704,24,True,
qwen3vl,CLIP3_before_reboot_0704,25,True,
qwen3vl,CLIP3_before_reboot_0704,26,True,
qwen3vl,CLIP3_before_reboot_0704,27,True,
qwen3vl,CLIP3_before_reboot_0704,28,True,
qwen3vl,CLIP3_before_reboot_0704,29,True,
qwen3vl,CLIP3_before_reboot_0704,3,True,
qwen3vl,CLIP3_before_reboot_0704,30,True,
qwen3vl,CLIP3_before_reboot_0704,31,True,
qwen3vl,CLIP3_before_reboot_0704,32,True,
qwen3vl,CLIP3_before_reboot_0704,33,True,
qwen3vl,CLIP3_before_reboot_0704,34,True,
qwen3vl,CLIP3_before_reboot_0704,35,True,
qwen3vl,CLIP3_before_reboot_0704,36,True,
qwen3vl,CLIP3_before_reboot_0704,37,True,
qwen3vl,CLIP3_before_reboot_0704,38,True,
qwen3vl,CLIP3_before_reboot_0704,39,True,
qwen3vl,CLIP3_before_reboot_0704,4,True,
qwen3vl,CLIP3_before_reboot_0704,40,True,
qwen3vl,CLIP3_before_reboot_0704,41,True,
qwen3vl,CLIP3_before_reboot_0704,42,True,
qwen3vl,CLIP3_before_reboot_0704,43,True,
qwen3vl,CLIP3_before_reboot_0704,44,True,
qwen3vl,CLIP3_before_reboot_0704,45,True,
qwen3vl,CLIP3_before_reboot_0704,46,True,
qwen3vl,CLIP3_before_reboot_0704,47,True,
qwen3vl,CLIP3_before_reboot_0704,48,True,
qwen3vl,CLIP3_before_reboot_0704,49,True,
qwen3vl,CLIP3_before_reboot_0704,5,True,
qwen3vl,CLIP3_before_reboot_0704,50,True,
qwen3vl,CLIP3_before_reboot_0704,51,True,
qwen3vl,CLIP3_before_reboot_0704,52,True,
qwen3vl,CLIP3_before_reboot_0704,53,True,
qwen3vl,CLIP3_before_reboot_0704,54,True,
qwen3vl,CLIP3_before_reboot_0704,6,True,
qwen3vl,CLIP3_before_reboot_0704,7,True,
qwen3vl,CLIP3_before_reboot_0704,8,True,
qwen3vl,CLIP3_before_reboot_0704,9,True,
qwen3vl,CLIP4_reboot_bios,0,True,
qwen3vl,CLIP4_reboot_bios,1,True,
qwen3vl,CLIP4_reboot_bios,10,True,
qwen3vl,CLIP4_reboot_bios,100,True,
qwen3vl,CLIP4_reboot_bios,101,True,
qwen3vl,CLIP4_reboot_bios,102,True,
qwen3vl,CLIP4_reboot_bios,103,True,
qwen3vl,CLIP4_reboot_bios,104,True,
qwen3vl,CLIP4_reboot_bios,105,True,
qwen3vl,CLIP4_reboot_bios,106,True,
qwen3vl,CLIP4_reboot_bios,107,True,
qwen3vl,CLIP4_reboot_bios,108,True,
qwen3vl,CLIP4_reboot_bios,109,True,
qwen3vl,CLIP4_reboot_bios,11,True,
qwen3vl,CLIP4_reboot_bios,110,True,
qwen3vl,CLIP4_reboot_bios,111,True,
qwen3vl,CLIP4_reboot_bios,112,True,
qwen3vl,CLIP4_reboot_bios,113,True,
qwen3vl,CLIP4_reboot_bios,114,True,
qwen3vl,CLIP4_reboot_bios,12,True,
qwen3vl,CLIP4_reboot_bios,13,True,
qwen3vl,CLIP4_reboot_bios,14,True,
qwen3vl,CLIP4_reboot_bios,15,True,
qwen3vl,CLIP4_reboot_bios,16,True,
qwen3vl,CLIP4_reboot_bios,17,True,
qwen3vl,CLIP4_reboot_bios,18,True,
qwen3vl,CLIP4_reboot_bios,19,True,
qwen3vl,CLIP4_reboot_bios,2,True,
qwen3vl,CLIP4_reboot_bios,20,True,
qwen3vl,CLIP4_reboot_bios,21,True,
qwen3vl,CLIP4_reboot_bios,22,True,
qwen3vl,CLIP4_reboot_bios,23,True,
qwen3vl,CLIP4_reboot_bios,24,True,
qwen3vl,CLIP4_reboot_bios,25,True,
qwen3vl,CLIP4_reboot_bios,26,True,
qwen3vl,CLIP4_reboot_bios,27,True,
qwen3vl,CLIP4_reboot_bios,28,True,
qwen3vl,CLIP4_reboot_bios,29,True,
qwen3vl,CLIP4_reboot_bios,3,True,
qwen3vl,CLIP4_reboot_bios,30,True,
qwen3vl,CLIP4_reboot_bios,31,True,
qwen3vl,CLIP4_reboot_bios,32,True,
qwen3vl,CLIP4_reboot_bios,33,True,
qwen3vl,CLIP4_reboot_bios,34,True,
qwen3vl,CLIP4_reboot_bios,35,True,
qwen3vl,CLIP4_reboot_bios,36,True,
qwen3vl,CLIP4_reboot_bios,37,True,
qwen3vl,CLIP4_reboot_bios,38,True,
qwen3vl,CLIP4_reboot_bios,39,True,
qwen3vl,CLIP4_reboot_bios,4,True,
qwen3vl,CLIP4_reboot_bios,40,True,
qwen3vl,CLIP4_reboot_bios,41,True,
qwen3vl,CLIP4_reboot_bios,42,True,
qwen3vl,CLIP4_reboot_bios,43,True,
qwen3vl,CLIP4_reboot_bios,44,True,
qwen3vl,CLIP4_reboot_bios,45,True,
qwen3vl,CLIP4_reboot_bios,46,True,
qwen3vl,CLIP4_reboot_bios,47,True,
qwen3vl,CLIP4_reboot_bios,48,True,
qwen3vl,CLIP4_reboot_bios,49,True,
qwen3vl,CLIP4_reboot_bios,5,True,
qwen3vl,CLIP4_reboot_bios,50,True,
qwen3vl,CLIP4_reboot_bios,51,True,
qwen3vl,CLIP4_reboot_bios,52,True,
qwen3vl,CLIP4_reboot_bios,53,True,
qwen3vl,CLIP4_reboot_bios,54,True,
qwen3vl,CLIP4_reboot_bios,55,True,
qwen3vl,CLIP4_reboot_bios,56,True,
qwen3vl,CLIP4_reboot_bios,57,True,
qwen3vl,CLIP4_reboot_bios,58,True,
qwen3vl,CLIP4_reboot_bios,59,True,
qwen3vl,CLIP4_reboot_bios,6,True,
qwen3vl,CLIP4_reboot_bios,60,True,
qwen3vl,CLIP4_reboot_bios,61,True,
qwen3vl,CLIP4_reboot_bios,62,True,
qwen3vl,CLIP4_reboot_bios,63,True,
qwen3vl,CLIP4_reboot_bios,64,True,
qwen3vl,CLIP4_reboot_bios,65,True,
qwen3vl,CLIP4_reboot_bios,66,True,
qwen3vl,CLIP4_reboot_bios,67,True,
qwen3vl,CLIP4_reboot_bios,68,True,
qwen3vl,CLIP4_reboot_bios,69,True,
qwen3vl,CLIP4_reboot_bios,7,True,
qwen3vl,CLIP4_reboot_bios,70,True,
qwen3vl,CLIP4_reboot_bios,71,True,
qwen3vl,CLIP4_reboot_bios,72,True,
qwen3vl,CLIP4_reboot_bios,73,True,
qwen3vl,CLIP4_reboot_bios,74,True,
qwen3vl,CLIP4_reboot_bios,75,True,
qwen3vl,CLIP4_reboot_bios,76,True,
qwen3vl,CLIP4_reboot_bios,77,True,
qwen3vl,CLIP4_reboot_bios,78,True,
qwen3vl,CLIP4_reboot_bios,79,True,
qwen3vl,CLIP4_reboot_bios,8,True,
qwen3vl,CLIP4_reboot_bios,80,True,
qwen3vl,CLIP4_reboot_bios,81,True,
qwen3vl,CLIP4_reboot_bios,82,True,
qwen3vl,CLIP4_reboot_bios,83,True,
qwen3vl,CLIP4_reboot_bios,84,True,
qwen3vl,CLIP4_reboot_bios,85,True,
qwen3vl,CLIP4_reboot_bios,86,True,
qwen3vl,CLIP4_reboot_bios,87,True,
qwen3vl,CLIP4_reboot_bios,88,True,
qwen3vl,CLIP4_reboot_bios,89,True,
qwen3vl,CLIP4_reboot_bios,9,True,
qwen3vl,CLIP4_reboot_bios,90,True,
qwen3vl,CLIP4_reboot_bios,91,True,
qwen3vl,CLIP4_reboot_bios,92,True,
qwen3vl,CLIP4_reboot_bios,93,True,
qwen3vl,CLIP4_reboot_bios,94,True,
qwen3vl,CLIP4_reboot_bios,95,True,
qwen3vl,CLIP4_reboot_bios,96,True,
qwen3vl,CLIP4_reboot_bios,97,True,
qwen3vl,CLIP4_reboot_bios,98,True,
qwen3vl,CLIP4_reboot_bios,99,True,
internvl35,CLIP1_normal_assembly,0,True,
internvl35,CLIP1_normal_assembly,1,True,
internvl35,CLIP1_normal_assembly,10,True,
internvl35,CLIP1_normal_assembly,11,True,
internvl35,CLIP1_normal_assembly,12,True,
internvl35,CLIP1_normal_assembly,13,True,
internvl35,CLIP1_normal_assembly,14,True,
internvl35,CLIP1_normal_assembly,15,True,
internvl35,CLIP1_normal_assembly,16,True,
internvl35,CLIP1_normal_assembly,17,True,
internvl35,CLIP1_normal_assembly,18,True,
internvl35,CLIP1_normal_assembly,19,True,
internvl35,CLIP1_normal_assembly,2,True,
internvl35,CLIP1_normal_assembly,20,True,
internvl35,CLIP1_normal_assembly,21,True,
internvl35,CLIP1_normal_assembly,22,True,
internvl35,CLIP1_normal_assembly,23,True,
internvl35,CLIP1_normal_assembly,24,True,
internvl35,CLIP1_normal_assembly,25,True,
internvl35,CLIP1_normal_assembly,26,True,
internvl35,CLIP1_normal_assembly,27,True,
internvl35,CLIP1_normal_assembly,28,True,
internvl35,CLIP1_normal_assembly,29,True,
internvl35,CLIP1_normal_assembly,3,True,
internvl35,CLIP1_normal_assembly,30,True,
internvl35,CLIP1_normal_assembly,31,True,
internvl35,CLIP1_normal_assembly,32,True,
internvl35,CLIP1_normal_assembly,33,True,
internvl35,CLIP1_normal_assembly,34,True,
internvl35,CLIP1_normal_assembly,35,True,
internvl35,CLIP1_normal_assembly,36,True,
internvl35,CLIP1_normal_assembly,37,True,
internvl35,CLIP1_normal_assembly,38,True,
internvl35,CLIP1_normal_assembly,39,True,
internvl35,CLIP1_normal_assembly,4,True,
internvl35,CLIP1_normal_assembly,40,True,
internvl35,CLIP1_normal_assembly,41,True,
internvl35,CLIP1_normal_assembly,42,True,
internvl35,CLIP1_normal_assembly,43,True,
internvl35,CLIP1_normal_assembly,44,True,
internvl35,CLIP1_normal_assembly,45,True,
internvl35,CLIP1_normal_assembly,46,True,
internvl35,CLIP1_normal_assembly,47,True,
internvl35,CLIP1_normal_assembly,48,True,
internvl35,CLIP1_normal_assembly,49,True,
internvl35,CLIP1_normal_assembly,5,True,
internvl35,CLIP1_normal_assembly,50,True,
internvl35,CLIP1_normal_assembly,51,True,
internvl35,CLIP1_normal_assembly,52,True,
internvl35,CLIP1_normal_assembly,53,True,
internvl35,CLIP1_normal_assembly,54,True,
internvl35,CLIP1_normal_assembly,55,True,
internvl35,CLIP1_normal_assembly,56,True,
internvl35,CLIP1_normal_assembly,57,True,
internvl35,CLIP1_normal_assembly,58,True,
internvl35,CLIP1_normal_assembly,59,True,
internvl35,CLIP1_normal_assembly,6,True,
internvl35,CLIP1_normal_assembly,60,True,
internvl35,CLIP1_normal_assembly,61,True,
internvl35,CLIP1_normal_assembly,62,True,
internvl35,CLIP1_normal_assembly,63,True,
internvl35,CLIP1_normal_assembly,64,True,
internvl35,CLIP1_normal_assembly,65,True,
internvl35,CLIP1_normal_assembly,66,True,
internvl35,CLIP1_normal_assembly,67,True,
internvl35,CLIP1_normal_assembly,68,True,
internvl35,CLIP1_normal_assembly,69,True,
internvl35,CLIP1_normal_assembly,7,True,
internvl35,CLIP1_normal_assembly,70,True,
internvl35,CLIP1_normal_assembly,71,True,
internvl35,CLIP1_normal_assembly,72,False,TECH_TOO_LONG
internvl35,CLIP1_normal_assembly,73,True,
internvl35,CLIP1_normal_assembly,74,True,
internvl35,CLIP1_normal_assembly,75,True,
internvl35,CLIP1_normal_assembly,76,False,TECH_TOO_LONG
internvl35,CLIP1_normal_assembly,77,True,
internvl35,CLIP1_normal_assembly,78,True,
internvl35,CLIP1_normal_assembly,79,True,
internvl35,CLIP1_normal_assembly,8,True,
internvl35,CLIP1_normal_assembly,80,True,
internvl35,CLIP1_normal_assembly,81,True,
internvl35,CLIP1_normal_assembly,82,True,
internvl35,CLIP1_normal_assembly,83,True,
internvl35,CLIP1_normal_assembly,84,True,
internvl35,CLIP1_normal_assembly,85,True,
internvl35,CLIP1_normal_assembly,86,True,
internvl35,CLIP1_normal_assembly,87,True,
internvl35,CLIP1_normal_assembly,88,True,
internvl35,CLIP1_normal_assembly,89,True,
internvl35,CLIP1_normal_assembly,9,True,
internvl35,CLIP1_normal_assembly,90,True,
internvl35,CLIP1_normal_assembly,91,True,
internvl35,CLIP1_normal_assembly,92,True,
internvl35,CLIP1_normal_assembly,93,True,
internvl35,CLIP1_normal_assembly,94,True,
internvl35,CLIP1_normal_assembly,95,True,
internvl35,CLIP1_normal_assembly,96,True,
internvl35,CLIP1_normal_assembly,97,True,
internvl35,CLIP1_normal_assembly,98,True,
internvl35,CLIP2_0704,0,True,
internvl35,CLIP2_0704,1,True,
internvl35,CLIP2_0704,10,True,
internvl35,CLIP2_0704,11,True,
internvl35,CLIP2_0704,12,True,
internvl35,CLIP2_0704,13,True,
internvl35,CLIP2_0704,14,True,
internvl35,CLIP2_0704,15,True,
internvl35,CLIP2_0704,16,True,
internvl35,CLIP2_0704,17,True,
internvl35,CLIP2_0704,18,True,
internvl35,CLIP2_0704,19,True,
internvl35,CLIP2_0704,2,True,
internvl35,CLIP2_0704,20,True,
internvl35,CLIP2_0704,21,True,
internvl35,CLIP2_0704,22,True,
internvl35,CLIP2_0704,23,True,
internvl35,CLIP2_0704,24,True,
internvl35,CLIP2_0704,25,True,
internvl35,CLIP2_0704,26,True,
internvl35,CLIP2_0704,27,True,
internvl35,CLIP2_0704,28,True,
internvl35,CLIP2_0704,29,True,
internvl35,CLIP2_0704,3,True,
internvl35,CLIP2_0704,30,True,
internvl35,CLIP2_0704,31,True,
internvl35,CLIP2_0704,32,True,
internvl35,CLIP2_0704,33,True,
internvl35,CLIP2_0704,34,True,
internvl35,CLIP2_0704,35,True,
internvl35,CLIP2_0704,36,True,
internvl35,CLIP2_0704,37,True,
internvl35,CLIP2_0704,38,True,
internvl35,CLIP2_0704,39,True,
internvl35,CLIP2_0704,4,True,
internvl35,CLIP2_0704,40,True,
internvl35,CLIP2_0704,41,True,
internvl35,CLIP2_0704,42,True,
internvl35,CLIP2_0704,43,True,
internvl35,CLIP2_0704,44,True,
internvl35,CLIP2_0704,45,True,
internvl35,CLIP2_0704,46,True,
internvl35,CLIP2_0704,47,True,
internvl35,CLIP2_0704,48,True,
internvl35,CLIP2_0704,49,True,
internvl35,CLIP2_0704,5,True,
internvl35,CLIP2_0704,50,True,
internvl35,CLIP2_0704,51,True,
internvl35,CLIP2_0704,52,True,
internvl35,CLIP2_0704,53,True,
internvl35,CLIP2_0704,54,True,
internvl35,CLIP2_0704,55,True,
internvl35,CLIP2_0704,56,True,
internvl35,CLIP2_0704,6,True,
internvl35,CLIP2_0704,7,True,
internvl35,CLIP2_0704,8,True,
internvl35,CLIP2_0704,9,True,
internvl35,CLIP3_before_reboot_0704,0,True,
internvl35,CLIP3_before_reboot_0704,1,True,
internvl35,CLIP3_before_reboot_0704,10,True,
internvl35,CLIP3_before_reboot_0704,11,True,
internvl35,CLIP3_before_reboot_0704,12,True,
internvl35,CLIP3_before_reboot_0704,13,True,
internvl35,CLIP3_before_reboot_0704,14,True,
internvl35,CLIP3_before_reboot_0704,15,True,
internvl35,CLIP3_before_reboot_0704,16,True,
internvl35,CLIP3_before_reboot_0704,17,True,
internvl35,CLIP3_before_reboot_0704,18,False,TECH_TOO_LONG
internvl35,CLIP3_before_reboot_0704,19,True,
internvl35,CLIP3_before_reboot_0704,2,True,
internvl35,CLIP3_before_reboot_0704,20,True,
internvl35,CLIP3_before_reboot_0704,21,True,
internvl35,CLIP3_before_reboot_0704,22,True,
internvl35,CLIP3_before_reboot_0704,23,False,TECH_TOO_LONG
internvl35,CLIP3_before_reboot_0704,24,True,
internvl35,CLIP3_before_reboot_0704,25,True,
internvl35,CLIP3_before_reboot_0704,26,False,TECH_TOO_LONG
internvl35,CLIP3_before_reboot_0704,27,True,
internvl35,CLIP3_before_reboot_0704,28,True,
internvl35,CLIP3_before_reboot_0704,29,True,
internvl35,CLIP3_before_reboot_0704,3,True,
internvl35,CLIP3_before_reboot_0704,30,False,TECH_TOO_LONG
internvl35,CLIP3_before_reboot_0704,31,True,
internvl35,CLIP3_before_reboot_0704,32,True,
internvl35,CLIP3_before_reboot_0704,33,True,
internvl35,CLIP3_before_reboot_0704,34,True,
internvl35,CLIP3_before_reboot_0704,35,True,
internvl35,CLIP3_before_reboot_0704,36,True,
internvl35,CLIP3_before_reboot_0704,37,True,
internvl35,CLIP3_before_reboot_0704,38,True,
internvl35,CLIP3_before_reboot_0704,39,True,
internvl35,CLIP3_before_reboot_0704,4,True,
internvl35,CLIP3_before_reboot_0704,40,True,
internvl35,CLIP3_before_reboot_0704,41,True,
internvl35,CLIP3_before_reboot_0704,42,True,
internvl35,CLIP3_before_reboot_0704,43,True,
internvl35,CLIP3_before_reboot_0704,44,True,
internvl35,CLIP3_before_reboot_0704,45,True,
internvl35,CLIP3_before_reboot_0704,46,True,
internvl35,CLIP3_before_reboot_0704,47,True,
internvl35,CLIP3_before_reboot_0704,48,True,
internvl35,CLIP3_before_reboot_0704,49,True,
internvl35,CLIP3_before_reboot_0704,5,True,
internvl35,CLIP3_before_reboot_0704,50,True,
internvl35,CLIP3_before_reboot_0704,51,True,
internvl35,CLIP3_before_reboot_0704,52,True,
internvl35,CLIP3_before_reboot_0704,53,True,
internvl35,CLIP3_before_reboot_0704,54,True,
internvl35,CLIP3_before_reboot_0704,6,True,
internvl35,CLIP3_before_reboot_0704,7,True,
internvl35,CLIP3_before_reboot_0704,8,True,
internvl35,CLIP3_before_reboot_0704,9,True,
internvl35,CLIP4_reboot_bios,0,True,
internvl35,CLIP4_reboot_bios,1,True,
internvl35,CLIP4_reboot_bios,10,True,
internvl35,CLIP4_reboot_bios,100,True,
internvl35,CLIP4_reboot_bios,101,True,
internvl35,CLIP4_reboot_bios,102,True,
internvl35,CLIP4_reboot_bios,103,True,
internvl35,CLIP4_reboot_bios,104,True,
internvl35,CLIP4_reboot_bios,105,True,
internvl35,CLIP4_reboot_bios,106,True,
internvl35,CLIP4_reboot_bios,107,True,
internvl35,CLIP4_reboot_bios,108,True,
internvl35,CLIP4_reboot_bios,109,True,
internvl35,CLIP4_reboot_bios,11,True,
internvl35,CLIP4_reboot_bios,110,True,
internvl35,CLIP4_reboot_bios,111,True,
internvl35,CLIP4_reboot_bios,112,True,
internvl35,CLIP4_reboot_bios,113,True,
internvl35,CLIP4_reboot_bios,114,True,
internvl35,CLIP4_reboot_bios,12,True,
internvl35,CLIP4_reboot_bios,13,True,
internvl35,CLIP4_reboot_bios,14,True,
internvl35,CLIP4_reboot_bios,15,True,
internvl35,CLIP4_reboot_bios,16,True,
internvl35,CLIP4_reboot_bios,17,True,
internvl35,CLIP4_reboot_bios,18,True,
internvl35,CLIP4_reboot_bios,19,True,
internvl35,CLIP4_reboot_bios,2,True,
internvl35,CLIP4_reboot_bios,20,True,
internvl35,CLIP4_reboot_bios,21,True,
internvl35,CLIP4_reboot_bios,22,True,
internvl35,CLIP4_reboot_bios,23,True,
internvl35,CLIP4_reboot_bios,24,True,
internvl35,CLIP4_reboot_bios,25,True,
internvl35,CLIP4_reboot_bios,26,True,
internvl35,CLIP4_reboot_bios,27,True,
internvl35,CLIP4_reboot_bios,28,True,
internvl35,CLIP4_reboot_bios,29,True,
internvl35,CLIP4_reboot_bios,3,True,
internvl35,CLIP4_reboot_bios,30,True,
internvl35,CLIP4_reboot_bios,31,True,
internvl35,CLIP4_reboot_bios,32,True,
internvl35,CLIP4_reboot_bios,33,True,
internvl35,CLIP4_reboot_bios,34,True,
internvl35,CLIP4_reboot_bios,35,True,
internvl35,CLIP4_reboot_bios,36,True,
internvl35,CLIP4_reboot_bios,37,True,
internvl35,CLIP4_reboot_bios,38,True,
internvl35,CLIP4_reboot_bios,39,True,
internvl35,CLIP4_reboot_bios,4,True,
internvl35,CLIP4_reboot_bios,40,True,
internvl35,CLIP4_reboot_bios,41,True,
internvl35,CLIP4_reboot_bios,42,True,
internvl35,CLIP4_reboot_bios,43,True,
internvl35,CLIP4_reboot_bios,44,True,
internvl35,CLIP4_reboot_bios,45,True,
internvl35,CLIP4_reboot_bios,46,True,
internvl35,CLIP4_reboot_bios,47,True,
internvl35,CLIP4_reboot_bios,48,True,
internvl35,CLIP4_reboot_bios,49,True,
internvl35,CLIP4_reboot_bios,5,True,
internvl35,CLIP4_reboot_bios,50,True,
internvl35,CLIP4_reboot_bios,51,True,
internvl35,CLIP4_reboot_bios,52,True,
internvl35,CLIP4_reboot_bios,53,True,
internvl35,CLIP4_reboot_bios,54,True,
internvl35,CLIP4_reboot_bios,55,True,
internvl35,CLIP4_reboot_bios,56,True,
internvl35,CLIP4_reboot_bios,57,True,
internvl35,CLIP4_reboot_bios,58,True,
internvl35,CLIP4_reboot_bios,59,True,
internvl35,CLIP4_reboot_bios,6,True,
internvl35,CLIP4_reboot_bios,60,True,
internvl35,CLIP4_reboot_bios,61,True,
internvl35,CLIP4_reboot_bios,62,True,
internvl35,CLIP4_reboot_bios,63,True,
internvl35,CLIP4_reboot_bios,64,True,
internvl35,CLIP4_reboot_bios,65,True,
internvl35,CLIP4_reboot_bios,66,True,
internvl35,CLIP4_reboot_bios,67,True,
internvl35,CLIP4_reboot_bios,68,True,
internvl35,CLIP4_reboot_bios,69,True,
internvl35,CLIP4_reboot_bios,7,True,
internvl35,CLIP4_reboot_bios,70,True,
internvl35,CLIP4_reboot_bios,71,True,
internvl35,CLIP4_reboot_bios,72,True,
internvl35,CLIP4_reboot_bios,73,True,
internvl35,CLIP4_reboot_bios,74,True,
internvl35,CLIP4_reboot_bios,75,True,
internvl35,CLIP4_reboot_bios,76,True,
internvl35,CLIP4_reboot_bios,77,True,
internvl35,CLIP4_reboot_bios,78,True,
internvl35,CLIP4_reboot_bios,79,True,
internvl35,CLIP4_reboot_bios,8,True,
internvl35,CLIP4_reboot_bios,80,True,
internvl35,CLIP4_reboot_bios,81,True,
internvl35,CLIP4_reboot_bios,82,True,
internvl35,CLIP4_reboot_bios,83,True,
internvl35,CLIP4_reboot_bios,84,True,
internvl35,CLIP4_reboot_bios,85,True,
internvl35,CLIP4_reboot_bios,86,True,
internvl35,CLIP4_reboot_bios,87,True,
internvl35,CLIP4_reboot_bios,88,True,
internvl35,CLIP4_reboot_bios,89,True,
internvl35,CLIP4_reboot_bios,9,True,
internvl35,CLIP4_reboot_bios,90,True,
internvl35,CLIP4_reboot_bios,91,True,
internvl35,CLIP4_reboot_bios,92,True,
internvl35,CLIP4_reboot_bios,93,True,
internvl35,CLIP4_reboot_bios,94,True,
internvl35,CLIP4_reboot_bios,95,True,
internvl35,CLIP4_reboot_bios,96,True,
internvl35,CLIP4_reboot_bios,97,True,
internvl35,CLIP4_reboot_bios,98,True,
internvl35,CLIP4_reboot_bios,99,True,
minicpm45,CLIP1_normal_assembly,0,True,
minicpm45,CLIP1_normal_assembly,1,True,
minicpm45,CLIP1_normal_assembly,10,True,
minicpm45,CLIP1_normal_assembly,11,True,
minicpm45,CLIP1_normal_assembly,12,True,
minicpm45,CLIP1_normal_assembly,13,True,
minicpm45,CLIP1_normal_assembly,14,True,
minicpm45,CLIP1_normal_assembly,15,True,
minicpm45,CLIP1_normal_assembly,16,True,
minicpm45,CLIP1_normal_assembly,17,True,
minicpm45,CLIP1_normal_assembly,18,True,
minicpm45,CLIP1_normal_assembly,19,True,
minicpm45,CLIP1_normal_assembly,2,True,
minicpm45,CLIP1_normal_assembly,20,True,
minicpm45,CLIP1_normal_assembly,21,True,
minicpm45,CLIP1_normal_assembly,22,True,
minicpm45,CLIP1_normal_assembly,23,True,
minicpm45,CLIP1_normal_assembly,24,True,
minicpm45,CLIP1_normal_assembly,25,True,
minicpm45,CLIP1_normal_assembly,26,True,
minicpm45,CLIP1_normal_assembly,27,True,
minicpm45,CLIP1_normal_assembly,28,True,
minicpm45,CLIP1_normal_assembly,29,True,
minicpm45,CLIP1_normal_assembly,3,True,
minicpm45,CLIP1_normal_assembly,30,True,
minicpm45,CLIP1_normal_assembly,31,True,
minicpm45,CLIP1_normal_assembly,32,True,
minicpm45,CLIP1_normal_assembly,33,True,
minicpm45,CLIP1_normal_assembly,34,True,
minicpm45,CLIP1_normal_assembly,35,True,
minicpm45,CLIP1_normal_assembly,36,True,
minicpm45,CLIP1_normal_assembly,37,True,
minicpm45,CLIP1_normal_assembly,38,True,
minicpm45,CLIP1_normal_assembly,39,True,
minicpm45,CLIP1_normal_assembly,4,True,
minicpm45,CLIP1_normal_assembly,40,True,
minicpm45,CLIP1_normal_assembly,41,True,
minicpm45,CLIP1_normal_assembly,42,True,
minicpm45,CLIP1_normal_assembly,43,False,TECH_TOO_LONG
minicpm45,CLIP1_normal_assembly,44,True,
minicpm45,CLIP1_normal_assembly,45,True,
minicpm45,CLIP1_normal_assembly,46,True,
minicpm45,CLIP1_normal_assembly,47,True,
minicpm45,CLIP1_normal_assembly,48,True,
minicpm45,CLIP1_normal_assembly,49,True,
minicpm45,CLIP1_normal_assembly,5,True,
minicpm45,CLIP1_normal_assembly,50,True,
minicpm45,CLIP1_normal_assembly,51,True,
minicpm45,CLIP1_normal_assembly,52,True,
minicpm45,CLIP1_normal_assembly,53,True,
minicpm45,CLIP1_normal_assembly,54,True,
minicpm45,CLIP1_normal_assembly,55,True,
minicpm45,CLIP1_normal_assembly,56,True,
minicpm45,CLIP1_normal_assembly,57,True,
minicpm45,CLIP1_normal_assembly,58,True,
minicpm45,CLIP1_normal_assembly,59,True,
minicpm45,CLIP1_normal_assembly,6,True,
minicpm45,CLIP1_normal_assembly,60,True,
minicpm45,CLIP1_normal_assembly,61,True,
minicpm45,CLIP1_normal_assembly,62,True,
minicpm45,CLIP1_normal_assembly,63,True,
minicpm45,CLIP1_normal_assembly,64,True,
minicpm45,CLIP1_normal_assembly,65,True,
minicpm45,CLIP1_normal_assembly,66,True,
minicpm45,CLIP1_normal_assembly,67,True,
minicpm45,CLIP1_normal_assembly,68,True,
minicpm45,CLIP1_normal_assembly,69,True,
minicpm45,CLIP1_normal_assembly,7,True,
minicpm45,CLIP1_normal_assembly,70,False,TECH_TOO_LONG
minicpm45,CLIP1_normal_assembly,71,True,
minicpm45,CLIP1_normal_assembly,72,True,
minicpm45,CLIP1_normal_assembly,73,True,
minicpm45,CLIP1_normal_assembly,74,True,
minicpm45,CLIP1_normal_assembly,75,True,
minicpm45,CLIP1_normal_assembly,76,True,
minicpm45,CLIP1_normal_assembly,77,True,
minicpm45,CLIP1_normal_assembly,78,True,
minicpm45,CLIP1_normal_assembly,79,True,
minicpm45,CLIP1_normal_assembly,8,True,
minicpm45,CLIP1_normal_assembly,80,True,
minicpm45,CLIP1_normal_assembly,81,True,
minicpm45,CLIP1_normal_assembly,82,True,
minicpm45,CLIP1_normal_assembly,83,False,PARSE_FAILED
minicpm45,CLIP1_normal_assembly,84,True,
minicpm45,CLIP1_normal_assembly,85,True,
minicpm45,CLIP1_normal_assembly,86,True,
minicpm45,CLIP1_normal_assembly,87,True,
minicpm45,CLIP1_normal_assembly,88,True,
minicpm45,CLIP1_normal_assembly,89,True,
minicpm45,CLIP1_normal_assembly,9,True,
minicpm45,CLIP1_normal_assembly,90,True,
minicpm45,CLIP1_normal_assembly,91,True,
minicpm45,CLIP1_normal_assembly,92,True,
minicpm45,CLIP1_normal_assembly,93,True,
minicpm45,CLIP1_normal_assembly,94,False,PARSE_FAILED
minicpm45,CLIP1_normal_assembly,95,True,
minicpm45,CLIP1_normal_assembly,96,True,
minicpm45,CLIP1_normal_assembly,97,True,
minicpm45,CLIP1_normal_assembly,98,True,
minicpm45,CLIP2_0704,0,False,PARSE_FAILED
minicpm45,CLIP2_0704,1,True,
minicpm45,CLIP2_0704,10,True,
minicpm45,CLIP2_0704,11,True,
minicpm45,CLIP2_0704,12,True,
minicpm45,CLIP2_0704,13,True,
minicpm45,CLIP2_0704,14,True,
minicpm45,CLIP2_0704,15,True,
minicpm45,CLIP2_0704,16,True,
minicpm45,CLIP2_0704,17,True,
minicpm45,CLIP2_0704,18,True,
minicpm45,CLIP2_0704,19,True,
minicpm45,CLIP2_0704,2,True,
minicpm45,CLIP2_0704,20,True,
minicpm45,CLIP2_0704,21,True,
minicpm45,CLIP2_0704,22,True,
minicpm45,CLIP2_0704,23,True,
minicpm45,CLIP2_0704,24,True,
minicpm45,CLIP2_0704,25,True,
minicpm45,CLIP2_0704,26,True,
minicpm45,CLIP2_0704,27,True,
minicpm45,CLIP2_0704,28,True,
minicpm45,CLIP2_0704,29,True,
minicpm45,CLIP2_0704,3,True,
minicpm45,CLIP2_0704,30,True,
minicpm45,CLIP2_0704,31,True,
minicpm45,CLIP2_0704,32,True,
minicpm45,CLIP2_0704,33,True,
minicpm45,CLIP2_0704,34,True,
minicpm45,CLIP2_0704,35,True,
minicpm45,CLIP2_0704,36,True,
minicpm45,CLIP2_0704,37,True,
minicpm45,CLIP2_0704,38,True,
minicpm45,CLIP2_0704,39,True,
minicpm45,CLIP2_0704,4,True,
minicpm45,CLIP2_0704,40,True,
minicpm45,CLIP2_0704,41,True,
minicpm45,CLIP2_0704,42,True,
minicpm45,CLIP2_0704,43,True,
minicpm45,CLIP2_0704,44,True,
minicpm45,CLIP2_0704,45,True,
minicpm45,CLIP2_0704,46,True,
minicpm45,CLIP2_0704,47,True,
minicpm45,CLIP2_0704,48,True,
minicpm45,CLIP2_0704,49,True,
minicpm45,CLIP2_0704,5,True,
minicpm45,CLIP2_0704,50,True,
minicpm45,CLIP2_0704,51,True,
minicpm45,CLIP2_0704,52,True,
minicpm45,CLIP2_0704,53,True,
minicpm45,CLIP2_0704,54,True,
minicpm45,CLIP2_0704,55,True,
minicpm45,CLIP2_0704,56,True,
minicpm45,CLIP2_0704,6,True,
minicpm45,CLIP2_0704,7,True,
minicpm45,CLIP2_0704,8,True,
minicpm45,CLIP2_0704,9,True,
minicpm45,CLIP3_before_reboot_0704,0,True,
minicpm45,CLIP3_before_reboot_0704,1,True,
minicpm45,CLIP3_before_reboot_0704,10,True,
minicpm45,CLIP3_before_reboot_0704,11,True,
minicpm45,CLIP3_before_reboot_0704,12,True,
minicpm45,CLIP3_before_reboot_0704,13,True,
minicpm45,CLIP3_before_reboot_0704,14,True,
minicpm45,CLIP3_before_reboot_0704,15,True,
minicpm45,CLIP3_before_reboot_0704,16,True,
minicpm45,CLIP3_before_reboot_0704,17,True,
minicpm45,CLIP3_before_reboot_0704,18,True,
minicpm45,CLIP3_before_reboot_0704,19,True,
minicpm45,CLIP3_before_reboot_0704,2,True,
minicpm45,CLIP3_before_reboot_0704,20,True,
minicpm45,CLIP3_before_reboot_0704,21,True,
minicpm45,CLIP3_before_reboot_0704,22,True,
minicpm45,CLIP3_before_reboot_0704,23,True,
minicpm45,CLIP3_before_reboot_0704,24,True,
minicpm45,CLIP3_before_reboot_0704,25,True,
minicpm45,CLIP3_before_reboot_0704,26,True,
minicpm45,CLIP3_before_reboot_0704,27,True,
minicpm45,CLIP3_before_reboot_0704,28,True,
minicpm45,CLIP3_before_reboot_0704,29,True,
minicpm45,CLIP3_before_reboot_0704,3,True,
minicpm45,CLIP3_before_reboot_0704,30,True,
minicpm45,CLIP3_before_reboot_0704,31,True,
minicpm45,CLIP3_before_reboot_0704,32,True,
minicpm45,CLIP3_before_reboot_0704,33,True,
minicpm45,CLIP3_before_reboot_0704,34,True,
minicpm45,CLIP3_before_reboot_0704,35,True,
minicpm45,CLIP3_before_reboot_0704,36,True,
minicpm45,CLIP3_before_reboot_0704,37,True,
minicpm45,CLIP3_before_reboot_0704,38,True,
minicpm45,CLIP3_before_reboot_0704,39,True,
minicpm45,CLIP3_before_reboot_0704,4,True,
minicpm45,CLIP3_before_reboot_0704,40,True,
minicpm45,CLIP3_before_reboot_0704,41,True,
minicpm45,CLIP3_before_reboot_0704,42,True,
minicpm45,CLIP3_before_reboot_0704,43,True,
minicpm45,CLIP3_before_reboot_0704,44,True,
minicpm45,CLIP3_before_reboot_0704,45,True,
minicpm45,CLIP3_before_reboot_0704,46,True,
minicpm45,CLIP3_before_reboot_0704,47,True,
minicpm45,CLIP3_before_reboot_0704,48,True,
minicpm45,CLIP3_before_reboot_0704,49,True,
minicpm45,CLIP3_before_reboot_0704,5,True,
minicpm45,CLIP3_before_reboot_0704,50,True,
minicpm45,CLIP3_before_reboot_0704,51,True,
minicpm45,CLIP3_before_reboot_0704,52,True,
minicpm45,CLIP3_before_reboot_0704,53,True,
minicpm45,CLIP3_before_reboot_0704,54,True,
minicpm45,CLIP3_before_reboot_0704,6,True,
minicpm45,CLIP3_before_reboot_0704,7,True,
minicpm45,CLIP3_before_reboot_0704,8,True,
minicpm45,CLIP3_before_reboot_0704,9,True,
minicpm45,CLIP4_reboot_bios,0,True,
minicpm45,CLIP4_reboot_bios,1,True,
minicpm45,CLIP4_reboot_bios,10,True,
minicpm45,CLIP4_reboot_bios,100,False,ACTION_INVALID
minicpm45,CLIP4_reboot_bios,101,True,
minicpm45,CLIP4_reboot_bios,102,True,
minicpm45,CLIP4_reboot_bios,103,True,
minicpm45,CLIP4_reboot_bios,104,True,
minicpm45,CLIP4_reboot_bios,105,True,
minicpm45,CLIP4_reboot_bios,106,True,
minicpm45,CLIP4_reboot_bios,107,True,
minicpm45,CLIP4_reboot_bios,108,True,
minicpm45,CLIP4_reboot_bios,109,True,
minicpm45,CLIP4_reboot_bios,11,True,
minicpm45,CLIP4_reboot_bios,110,True,
minicpm45,CLIP4_reboot_bios,111,True,
minicpm45,CLIP4_reboot_bios,112,True,
minicpm45,CLIP4_reboot_bios,113,True,
minicpm45,CLIP4_reboot_bios,114,True,
minicpm45,CLIP4_reboot_bios,12,True,
minicpm45,CLIP4_reboot_bios,13,True,
minicpm45,CLIP4_reboot_bios,14,True,
minicpm45,CLIP4_reboot_bios,15,True,
minicpm45,CLIP4_reboot_bios,16,True,
minicpm45,CLIP4_reboot_bios,17,True,
minicpm45,CLIP4_reboot_bios,18,True,
minicpm45,CLIP4_reboot_bios,19,True,
minicpm45,CLIP4_reboot_bios,2,False,ACTION_INVALID
minicpm45,CLIP4_reboot_bios,20,True,
minicpm45,CLIP4_reboot_bios,21,True,
minicpm45,CLIP4_reboot_bios,22,True,
minicpm45,CLIP4_reboot_bios,23,True,
minicpm45,CLIP4_reboot_bios,24,True,
minicpm45,CLIP4_reboot_bios,25,True,
minicpm45,CLIP4_reboot_bios,26,True,
minicpm45,CLIP4_reboot_bios,27,True,
minicpm45,CLIP4_reboot_bios,28,True,
minicpm45,CLIP4_reboot_bios,29,True,
minicpm45,CLIP4_reboot_bios,3,True,
minicpm45,CLIP4_reboot_bios,30,True,
minicpm45,CLIP4_reboot_bios,31,True,
minicpm45,CLIP4_reboot_bios,32,True,
minicpm45,CLIP4_reboot_bios,33,True,
minicpm45,CLIP4_reboot_bios,34,True,
minicpm45,CLIP4_reboot_bios,35,True,
minicpm45,CLIP4_reboot_bios,36,True,
minicpm45,CLIP4_reboot_bios,37,True,
minicpm45,CLIP4_reboot_bios,38,True,
minicpm45,CLIP4_reboot_bios,39,True,
minicpm45,CLIP4_reboot_bios,4,True,
minicpm45,CLIP4_reboot_bios,40,True,
minicpm45,CLIP4_reboot_bios,41,True,
minicpm45,CLIP4_reboot_bios,42,True,
minicpm45,CLIP4_reboot_bios,43,False,PARSE_FAILED
minicpm45,CLIP4_reboot_bios,44,True,
minicpm45,CLIP4_reboot_bios,45,True,
minicpm45,CLIP4_reboot_bios,46,True,
minicpm45,CLIP4_reboot_bios,47,True,
minicpm45,CLIP4_reboot_bios,48,True,
minicpm45,CLIP4_reboot_bios,49,True,
minicpm45,CLIP4_reboot_bios,5,True,
minicpm45,CLIP4_reboot_bios,50,True,
minicpm45,CLIP4_reboot_bios,51,True,
minicpm45,CLIP4_reboot_bios,52,True,
minicpm45,CLIP4_reboot_bios,53,True,
minicpm45,CLIP4_reboot_bios,54,True,
minicpm45,CLIP4_reboot_bios,55,True,
minicpm45,CLIP4_reboot_bios,56,True,
minicpm45,CLIP4_reboot_bios,57,True,
minicpm45,CLIP4_reboot_bios,58,True,
minicpm45,CLIP4_reboot_bios,59,True,
minicpm45,CLIP4_reboot_bios,6,True,
minicpm45,CLIP4_reboot_bios,60,True,
minicpm45,CLIP4_reboot_bios,61,True,
minicpm45,CLIP4_reboot_bios,62,True,
minicpm45,CLIP4_reboot_bios,63,True,
minicpm45,CLIP4_reboot_bios,64,True,
minicpm45,CLIP4_reboot_bios,65,True,
minicpm45,CLIP4_reboot_bios,66,True,
minicpm45,CLIP4_reboot_bios,67,True,
minicpm45,CLIP4_reboot_bios,68,True,
minicpm45,CLIP4_reboot_bios,69,True,
minicpm45,CLIP4_reboot_bios,7,True,
minicpm45,CLIP4_reboot_bios,70,True,
minicpm45,CLIP4_reboot_bios,71,True,
minicpm45,CLIP4_reboot_bios,72,True,
minicpm45,CLIP4_reboot_bios,73,True,
minicpm45,CLIP4_reboot_bios,74,True,
minicpm45,CLIP4_reboot_bios,75,True,
minicpm45,CLIP4_reboot_bios,76,True,
minicpm45,CLIP4_reboot_bios,77,True,
minicpm45,CLIP4_reboot_bios,78,True,
minicpm45,CLIP4_reboot_bios,79,True,
minicpm45,CLIP4_reboot_bios,8,True,
minicpm45,CLIP4_reboot_bios,80,True,
minicpm45,CLIP4_reboot_bios,81,False,CONF_UNCERTAIN_MISMATCH
minicpm45,CLIP4_reboot_bios,82,True,
minicpm45,CLIP4_reboot_bios,83,True,
minicpm45,CLIP4_reboot_bios,84,True,
minicpm45,CLIP4_reboot_bios,85,True,
minicpm45,CLIP4_reboot_bios,86,True,
minicpm45,CLIP4_reboot_bios,87,True,
minicpm45,CLIP4_reboot_bios,88,True,
minicpm45,CLIP4_reboot_bios,89,True,
minicpm45,CLIP4_reboot_bios,9,True,
minicpm45,CLIP4_reboot_bios,90,True,
minicpm45,CLIP4_reboot_bios,91,True,
minicpm45,CLIP4_reboot_bios,92,True,
minicpm45,CLIP4_reboot_bios,93,True,
minicpm45,CLIP4_reboot_bios,94,True,
minicpm45,CLIP4_reboot_bios,95,True,
minicpm45,CLIP4_reboot_bios,96,True,
minicpm45,CLIP4_reboot_bios,97,True,
minicpm45,CLIP4_reboot_bios,98,True,
minicpm45,CLIP4_reboot_bios,99,True,
